Date,Value
31/12/2024,18988.2374
30/12/2024,18970.9369
27/12/2024,18929.3051
24/12/2024,19192.6583
23/12/2024,19119.5099
20/12/2024,19301.9851
19/12/2024,19083.4745
18/12/2024,19524.291
17/12/2024,19652.795
13/12/2024,19687.4852
12/12/2024,19688.291
11/12/2024,19840.1461
10/12/2024,19638.8568
9/12/2024,19563.4607
6/12/2024,19209.0009
5/12/2024,18205.5747
4/12/2024,17756.3836
3/12/2024,17360.8697
2/12/2024,17349.2848
29/11/2024,17248.2997
28/11/2024,17304.95
27/11/2024,17343.8165
26/11/2024,17325.3108
25/11/2024,17096.1017
22/11/2024,17202.896
21/11/2024,17209.0932
20/11/2024,16923.8409
19/11/2024,16673.1933
18/11/2024,16660.545
15/11/2024,16637.0915
14/11/2024,16678.6235
13/11/2024,16678.902
12/11/2024,16711.5469
11/11/2024,16815.8611
8/11/2024,16898.5635
7/11/2024,17038.1077
6/11/2024,17031.123
5/11/2024,17112.871
4/11/2024,17008.4435
1/11/2024,16850.1289
31/10/2024,16882.8853
30/10/2024,16944.5107
29/10/2024,16834.0243
28/10/2024,17073.8039
25/10/2024,16852.1353
24/10/2024,16840.1562
23/10/2024,16670.3421
22/10/2024,16720.16
21/10/2024,17012.045
18/10/2024,17204.6176
17/10/2024,17233.75
16/10/2024,17128.9642
15/10/2024,16922.8894
14/10/2024,16856.5312
11/10/2024,16855.2875
10/10/2024,16677.3377
9/10/2024,16685.0199
8/10/2024,16831.6798
7/10/2024,16908.7554
4/10/2024,16923.8346
3/10/2024,16809.7714
2/10/2024,17054.2901
1/10/2024,17225.6843
30/09/2024,17606.739
27/09/2024,17752.6881
26/09/2024,17779.2263
25/09/2024,17564.9707
23/09/2024,17502.7695
20/09/2024,17233.1573
19/09/2024,17238.8941
18/09/2024,17030.1612
17/09/2024,17093.9703
16/09/2024,16911.5145
13/09/2024,16590.6568
12/9/2024,16711.2394
11/9/2024,16475.6369
10/9/2024,17284.7914
9/9/2024,17203.7805
6/9/2024,17189.617
5/9/2024,17289.2414
4/9/2024,17170.0677
3/9/2024,17302.4329
2/9/2024,17473.2857
30/08/2024,17580.5144
29/08/2024,17710.4073
28/08/2024,17697.6018
27/08/2024,17542.0624
26/08/2024,17333.9119
23/08/2024,17012.8242
22/08/2024,16845.1683
21/08/2024,16784.2358
20/08/2024,16587.9182
19/08/2024,16524.9461
16/08/2024,15829.1811
15/08/2024,15638.5088
14/08/2024,15317.5878
13/08/2024,15144.0944
12/8/2024,15084.6772
8/8/2024,15145.671
7/8/2024,15011.7614
6/8/2024,14778.0115
5/8/2024,14729.0042
2/8/2024,15481.7351
1/8/2024,15830.4838
31/07/2024,15931.8551
30/07/2024,15863.0413
29/07/2024,15888.2536
26/07/2024,16311.2227
25/07/2024,16211.837
24/07/2024,16109.2835
23/07/2024,16060.1972
22/07/2024,15797.9369
19/07/2024,15494.3652
18/07/2024,15382.3802
17/07/2024,15203.0172
16/07/2024,15442.2363
15/07/2024,15737.7696
12/7/2024,15584.7953
11/7/2024,15580.748
10/7/2024,15508.8778
9/7/2024,15638.4246
8/7/2024,15937.1485
5/7/2024,15844.704
4/7/2024,15916.1159
3/7/2024,15822.3547
2/7/2024,15567.9378
1/7/2024,16176.3508
28/06/2024,15845.1325
27/06/2024,15551.8359
26/06/2024,17022.5169
25/06/2024,17235.4695
24/06/2024,17345.4104
21/06/2024,17337.9672
20/06/2024,17547.0753
19/06/2024,18233.0516
18/06/2024,17445.2931
14/06/2024,16552.17
13/06/2024,15750.2241
12/6/2024,15588.3533
11/6/2024,15242.9957
10/6/2024,15008.2334
7/6/2024,15001.9948
6/6/2024,14836.5784
5/6/2024,15083.1053
4/6/2024,15368.03
3/6/2024,15366.1955
31/05/2024,14909.8735
30/05/2024,14703.235
28/05/2024,15261.3012
27/05/2024,15324.664
24/05/2024,15469.5233
23/05/2024,15532.192
22/05/2024,15659.4246
21/05/2024,15529.0042
20/05/2024,15552.0213
17/05/2024,15385.6496
16/05/2024,15385.2635
15/05/2024,15386.2322
14/05/2024,15205.2345
13/05/2024,15208.5129
10/5/2024,15085.4658
9/5/2024,14870.8039
8/5/2024,14845.1776
7/5/2024,14781.9375
6/5/2024,14762.9237
3/5/2024,14683.0827
2/5/2024,14590.4808
30/04/2024,14551.6613
29/04/2024,14373.1501
26/04/2024,13978.3915
25/04/2024,13872.9379
24/04/2024,13897.1001
23/04/2024,14058.4512
22/04/2024,14138.2137
19/04/2024,13937.0615
18/04/2024,13840.1923
17/04/2024,13833.4494
16/04/2024,14474.9741
15/04/2024,14687.8918
12/4/2024,14568.9057
11/4/2024,14783.6317
10/4/2024,15052.4152
9/4/2024,15002.3048
8/4/2024,14664.8691
5/4/2024,14597.4924
4/4/2024,14729.6669
3/4/2024,14419.8106
2/4/2024,14646.0484
28/03/2024,14781.7958
27/03/2024,14733.9319
26/03/2024,14670.7849
25/03/2024,14660.6667
22/03/2024,14894.5779
20/03/2024,15028.8433
19/03/2024,15079.72
18/03/2024,15085.2065
15/03/2024,15345.1671
14/03/2024,15531.9403
13/03/2024,15371.208
12/3/2024,15589.5625
11/3/2024,16027.1382
8/3/2024,16664.778
7/3/2024,16398.9363
6/3/2024,16591.796
5/3/2024,16390.8074
4/3/2024,16455.9454
1/3/2024,16534.021
29/02/2024,16376.6989
28/02/2024,16406.7925
27/02/2024,16615.3604
26/02/2024,16451.838
23/02/2024,16705.2638
22/02/2024,16996.9929
21/02/2024,16883.0675
20/02/2024,16621.0064
19/02/2024,16678.3653
16/02/2024,16642.1371
15/02/2024,16366.5547
14/02/2024,16315.1817
13/02/2024,16234.0936
12/2/2024,16337.3762
9/2/2024,16379.1964
8/2/2024,16427.5849
7/2/2024,16379.6112
6/2/2024,16434.618
5/2/2024,16396.1885
2/2/2024,16417.6119
1/2/2024,16183.3051
31/01/2024,16376.531
30/01/2024,16282.9465
29/01/2024,16332.5531
26/01/2024,16258.437
25/01/2024,15899.1522
24/01/2024,15887.3437
23/01/2024,15775.7177
22/01/2024,15612.9454
19/01/2024,15717.9461
18/01/2024,15656.1455
17/01/2024,15484.3392
16/01/2024,15725.7165
15/01/2024,15943.2967
12/1/2024,16206.5604
11/1/2024,16114.9692
10/1/2024,15898.2684
9/1/2024,15946.3814
8/1/2024,15762.8785
5/1/2024,15723.5381
4/1/2024,15772.7036
3/1/2024,15836.6587
2/1/2024,16220.1213
29/12/2023,16344.7965
28/12/2023,16265.6604
27/12/2023,16170.5771
22/12/2023,15911.9384
21/12/2023,15585.4722
20/12/2023,15634.2848
19/12/2023,15448.8637
18/12/2023,15553.293
14/12/2023,15767.4533
13/12/2023,15505.4078
12/12/2023,15741.9703
11/12/2023,15950.1647
8/12/2023,16059.8057
7/12/2023,17087.1304
6/12/2023,17425.4895
5/12/2023,17423.2272
4/12/2023,17446.121
1/12/2023,17365.8174
30/11/2023,17388.7551
29/11/2023,17303.1113
28/11/2023,17538.4325
27/11/2023,17505.8245
24/11/2023,17631.885
23/11/2023,17472.9048
22/11/2023,17384.5775
21/11/2023,17551.557
20/11/2023,17605.763
17/11/2023,17712.9716
16/11/2023,18020.7777
15/11/2023,18349.1526
14/11/2023,17440.3915
13/11/2023,17443.0755
10/11/2023,17712.6263
9/11/2023,17687.9825
8/11/2023,17664.403
7/11/2023,17687.5058
6/11/2023,18032.0043
3/11/2023,18086.7252
2/11/2023,17518.9637
1/11/2023,16982.2841
31/10/2023,16956.5585
30/10/2023,16772.1908
27/10/2023,16687.6507
26/10/2023,16716.0231
25/10/2023,16878.4603
24/10/2023,17034.5604
23/10/2023,17058.1824
20/10/2023,16915.3441
19/10/2023,17334.8245
18/10/2023,17349.0538
17/10/2023,17497.6341
16/10/2023,17439.407
13/10/2023,17500.7204
12/10/2023,17663.959
11/10/2023,17931.6393
10/10/2023,17855.3628
9/10/2023,17380.8958
6/10/2023,17342.3553
5/10/2023,17213.7649
4/10/2023,17073.7416
3/10/2023,17231.9601
2/10/2023,17262.5533
29/09/2023,17514.397
28/09/2023,17487.1497
27/09/2023,17567.0337
26/09/2023,17618.8473
22/09/2023,17855.1146
21/09/2023,17868.2741
20/09/2023,17816.7981
19/09/2023,17071.1329
18/09/2023,17150.7027
15/09/2023,17225.6493
14/09/2023,17245.6643
13/09/2023,17289.9669
12/9/2023,18111.7308
11/9/2023,18293.9204
8/9/2023,17985.0759
7/9/2023,17867.1065
6/9/2023,17883.5344
5/9/2023,18062.7254
4/9/2023,18303.3151
1/9/2023,18220.134
31/08/2023,18263.4632
30/08/2023,18680.8062
29/08/2023,18566.4437
28/08/2023,18764.0139
25/08/2023,18601.0128
24/08/2023,18459.5388
23/08/2023,18199.2988
22/08/2023,17963.0278
21/08/2023,17948.305
18/08/2023,17538.2803
17/08/2023,17641.3908
16/08/2023,17484.1381
15/08/2023,17354.9482
14/08/2023,17828.5986
11/8/2023,18369.8387
10/8/2023,18361.2711
8/8/2023,18310.7775
7/8/2023,18277.7046
4/8/2023,18318.9204
3/8/2023,17859.5971
2/8/2023,18239.1198
1/8/2023,18886.8837
31/07/2023,18920.9635
28/07/2023,18826.2325
27/07/2023,18768.0816
26/07/2023,18436.5571
25/07/2023,18269.1136
24/07/2023,18164.0876
21/07/2023,17986.0782
20/07/2023,17943.6159
19/07/2023,18058.0747
18/07/2023,18051.3054
17/07/2023,18068.1947
14/07/2023,17724.9762
13/07/2023,17474.0179
12/7/2023,17203.8439
11/7/2023,16997.3127
10/7/2023,16864.0027
7/7/2023,16917.201
6/7/2023,16922.877
5/7/2023,17053.0875
4/7/2023,17040.8754
3/7/2023,17102.0991
30/06/2023,16753.5886
29/06/2023,16505.1138
28/06/2023,16336.6739
27/06/2023,16237.5462
26/06/2023,16209.3407
23/06/2023,16048.9328
22/06/2023,16340.6699
21/06/2023,16581.6019
20/06/2023,16933.14
19/06/2023,16778.0955
15/06/2023,16770.0345
14/06/2023,16558.2001
13/06/2023,16273.8183
12/6/2023,16079.4807
9/6/2023,16488.4649
8/6/2023,16360.5273
7/6/2023,16249.7841
6/6/2023,15833.1007
5/6/2023,15678.3613
2/6/2023,15570.2386
1/6/2023,15513.6991
31/05/2023,15440.812
30/05/2023,15468.4913
29/05/2023,15766.3989
26/05/2023,15750.2357
25/05/2023,15917.4501
24/05/2023,16027.0336
23/05/2023,16083.3231
22/05/2023,16113.9797
19/05/2023,15893.9223
18/05/2023,15646.0513
17/05/2023,15684.7173
16/05/2023,15931.749
15/05/2023,15892.0566
12/5/2023,15662.8875
11/5/2023,15698.9835
10/5/2023,16237.6862
9/5/2023,16558.9198
8/5/2023,16674.8617
5/5/2023,16378.704
4/5/2023,16312.678
3/5/2023,16776.7878
2/5/2023,17132.3069
28/04/2023,17665.7265
26/04/2023,17514.1525
25/04/2023,17503.6741
24/04/2023,17576.0847
21/04/2023,17609.0477
20/04/2023,17678.327
19/04/2023,17503.8747
18/04/2023,18230.2804
17/04/2023,18409.0558
14/04/2023,18580.1695
13/04/2023,18524.6518
12/4/2023,18635.2742
11/4/2023,18618.6146
6/4/2023,18388.4097
5/4/2023,18432.4685
4/4/2023,18705.5058
3/4/2023,18458.1647
31/03/2023,18167.102
30/03/2023,18390.2412
29/03/2023,18373.4665
28/03/2023,18360.6916
27/03/2023,17978.6704
24/03/2023,17670.0585
23/03/2023,18050.5146
22/03/2023,17929.837
20/03/2023,17132.7003
17/03/2023,17269.7998
16/03/2023,17158.0176
15/03/2023,17239.2149
14/03/2023,17581.3862
13/03/2023,17770.9635
10/3/2023,18779.8883
9/3/2023,19176.2931
8/3/2023,19114.4541
7/3/2023,19714.3095
6/3/2023,19937.5872
3/3/2023,19916.5436
2/3/2023,19943.7498
1/3/2023,20230.3972
28/02/2023,19877.0032
27/02/2023,19608.971
24/02/2023,19667.6497
23/02/2023,19975.5833
22/02/2023,19931.2797
21/02/2023,19566.6133
20/02/2023,19429.8907
17/02/2023,19234.4118
16/02/2023,19093.2728
15/02/2023,19269.9003
14/02/2023,19404.9907
13/02/2023,19292.7129
10/2/2023,19122.2303
9/2/2023,20016.9512
8/2/2023,20081.6096
7/2/2023,20212.3555
6/2/2023,20252.9634
3/2/2023,20441.7684
2/2/2023,20531.0128
1/2/2023,20407.8232
31/01/2023,19917.0168
30/01/2023,20215.9975
27/01/2023,20323.8
26/01/2023,20139.1055
25/01/2023,20026.0837
24/01/2023,20115.079
23/01/2023,20137.3305
20/01/2023,19751.4483
19/01/2023,19727.286
18/01/2023,19891.5917
17/01/2023,19748.9117
16/01/2023,20057.7326
13/01/2023,20033.9417
12/1/2023,19862.9788
11/1/2023,19682.7314
10/1/2023,19805.3813
9/1/2023,20103.6017
6/1/2023,19556.9097
5/1/2023,19680.967
4/1/2023,19633.6923
3/1/2023,19523.6977
30/12/2022,19363.946
29/12/2022,19337.2805
28/12/2022,19644.2078
23/12/2022,19651.2939
22/12/2022,19620.2415
21/12/2022,19774.9889
20/12/2022,19683.8458
19/12/2022,19485.3755
15/12/2022,19081.2965
14/12/2022,19446.3645
13/12/2022,19383.7321
12/12/2022,19500.8024
9/12/2022,19580.4875
8/12/2022,19494.6428
7/12/2022,19568.5226
6/12/2022,19485.9012
5/12/2022,19333.9344
2/12/2022,18865.4381
1/12/2022,19037.896
30/11/2022,20493.0712
29/11/2022,20322.9355
28/11/2022,20604.4992
25/11/2022,20684.052
24/11/2022,20584.1555
23/11/2022,20810.1424
22/11/2022,20885.3714
21/11/2022,20429.1355
18/11/2022,20228.6749
17/11/2022,19915.9734
16/11/2022,19722.2484
15/11/2022,19620.5717
14/11/2022,20049.3864
11/11/2022,20010.3688
10/11/2022,19619.6678
9/11/2022,19828.2557
8/11/2022,20101.4768
7/11/2022,20168.1728
4/11/2022,19909.1983
3/11/2022,19586.4017
2/11/2022,19713.4841
1/11/2022,19868.0538
31/10/2022,20000.9425
28/10/2022,20022.8619
27/10/2022,20155.0326
26/10/2022,20090.4705
25/10/2022,19524.4036
24/10/2022,19186.6213
21/10/2022,18979.0458
20/10/2022,19062.8792
19/10/2022,19183.9184
18/10/2022,18731.0997
17/10/2022,18717.6493
14/10/2022,18224.0531
13/10/2022,17920.356
12/10/2022,17874.3626
11/10/2022,17746.238
10/10/2022,17585.1148
7/10/2022,17373.7908
6/10/2022,17477.0382
5/10/2022,17515.1367
4/10/2022,17755.5369
3/10/2022,17603.342
30/09/2022,17669.0129
29/09/2022,17626.0347
28/09/2022,17793.5089
27/09/2022,18037.6721
26/09/2022,17841.1191
23/09/2022,17976.5785
22/09/2022,18211.3134
21/09/2022,18270.8057
20/09/2022,18288.5551
19/09/2022,17885.3177
16/09/2022,18109.4623
15/09/2022,18186.1121
14/09/2022,17899.3658
13/09/2022,18632.0493
12/9/2022,18870.7695
9/9/2022,18647.8796
8/9/2022,18213.9739
7/9/2022,18008.0207
6/9/2022,18385.5378
5/9/2022,18404.742
2/9/2022,18103.225
1/9/2022,17582.9685
31/08/2022,17952.816
30/08/2022,18337.5016
29/08/2022,18496.3703
26/08/2022,18877.4667
25/08/2022,18556.5822
24/08/2022,18400.2363
23/08/2022,18528.1071
22/08/2022,18271.0719
19/08/2022,18614.6059
18/08/2022,18947.7271
17/08/2022,18687.2162
16/08/2022,18824.8304
15/08/2022,18769.4403
12/8/2022,18587.6266
11/8/2022,18327.3651
10/8/2022,18051.6723
8/8/2022,17913.7302
5/8/2022,17759.2238
4/8/2022,17445.1924
3/8/2022,17081.5948
2/8/2022,16797.8278
1/8/2022,16993.3213
29/07/2022,17032.1231
28/07/2022,17016.3503
27/07/2022,16881.7465
26/07/2022,16882.9577
25/07/2022,16755.6696
22/07/2022,16882.3044
21/07/2022,16785.6559
20/07/2022,16421.7663
19/07/2022,16212.2938
18/07/2022,15978.2652
15/07/2022,15491.8479
14/07/2022,15281.8492
13/07/2022,15673.8297
12/7/2022,15771.8663
11/7/2022,15511.212
8/7/2022,15682.7625
7/7/2022,15644.819
6/7/2022,15361.8242
5/7/2022,15478.6273
4/7/2022,15748.1974
1/7/2022,15620.0032
30/06/2022,15477.7736
29/06/2022,15760.4804
28/06/2022,15993.6712
27/06/2022,15984.438
24/06/2022,16468.4529
23/06/2022,16398.8733
22/06/2022,16490.782
21/06/2022,16876.0129
20/06/2022,16426.2596
17/06/2022,16028.265
15/06/2022,16092.0868
14/06/2022,16240.9926
13/06/2022,15902.2168
10/6/2022,16276.2441
9/6/2022,16571.2758
8/6/2022,16689.0316
7/6/2022,16938.1308
6/6/2022,17519.373
3/6/2022,17990.8646
2/6/2022,17795.1978
1/6/2022,18097.6028
31/05/2022,18267.4076
30/05/2022,17861.5316
27/05/2022,17196.8421
26/05/2022,16625.8227
25/05/2022,16266.0591
24/05/2022,16776.5582
23/05/2022,16857.472
20/05/2022,16669.3749
19/05/2022,16634.8762
18/05/2022,16960.4865
17/05/2022,16925.6446
16/05/2022,16807.1636
13/05/2022,16646.9179
12/5/2022,16346.9364
11/5/2022,16202.5136
10/5/2022,16284.7339
9/5/2022,15716.0796
6/5/2022,15799.3058
5/5/2022,16428.8518
4/5/2022,16717.6691
3/5/2022,16858.7449
29/04/2022,17234.8731
28/04/2022,17134.9971
26/04/2022,16940.3427
25/04/2022,16578.4492
22/04/2022,16713.6863
21/04/2022,16913.9875
20/04/2022,17890.6532
19/04/2022,18267.3131
14/04/2022,17715.6895
13/04/2022,17670.8171
12/4/2022,17944.7242
11/4/2022,18225.4493
8/4/2022,18304.6846
7/4/2022,18482.7423
6/4/2022,18543.5307
5/4/2022,18281.2019
4/4/2022,18879.0817
1/4/2022,19226.161
31/03/2022,18997.7094
30/03/2022,18973.8054
29/03/2022,19288.5178
28/03/2022,19183.0275
25/03/2022,18857.0039
24/03/2022,18838.1712
23/03/2022,18904.9436
22/03/2022,18910.9781
18/03/2022,18470.3726
17/03/2022,18974.288
16/03/2022,18360.1632
15/03/2022,17485.7513
14/03/2022,17711.3678
11/3/2022,17248.1947
10/3/2022,16673.5659
9/3/2022,16321.1742
8/3/2022,16022.5736
7/3/2022,15995.2893
4/3/2022,17462.5996
3/3/2022,18196.4704
2/3/2022,17607.1086
1/3/2022,18020.0611
28/02/2022,17636.8194
25/02/2022,17519.623
24/02/2022,17126.9913
23/02/2022,17581.1001
22/02/2022,17247.3942
21/02/2022,17482.3502
18/02/2022,17432.0989
17/02/2022,17668.6512
16/02/2022,18153.2377
15/02/2022,18095.5052
14/02/2022,17430.4399
11/2/2022,17510.9571
10/2/2022,17472.0179
9/2/2022,17301.3944
8/2/2022,17436.778
7/2/2022,17107.1079
4/2/2022,16930.7682
3/2/2022,16932.3498
2/2/2022,16826.7172
1/2/2022,16991.582
31/01/2022,16971.9232
28/01/2022,16691.5732
27/01/2022,16319.4625
26/01/2022,16098.666
25/01/2022,15899.3678
24/01/2022,15896.608
21/01/2022,16157.5362
20/01/2022,16102.8567
19/01/2022,16147.825
18/01/2022,16099.4896
17/01/2022,16299.6304
14/01/2022,16291.0114
13/01/2022,16479.1913
12/1/2022,16287.5181
11/1/2022,16368.6672
10/1/2022,16538.0041
7/1/2022,16455.2984
6/1/2022,16325.5207
5/1/2022,16041.2216
4/1/2022,15918.7421
3/1/2022,15649.7565
31/12/2021,15316.9238
30/12/2021,15405.7859
29/12/2021,15177.3143
28/12/2021,15092.3047
24/12/2021,14924.2721
23/12/2021,14931.9554
22/12/2021,14769.2435
21/12/2021,14796.5945
20/12/2021,14385.4878
17/12/2021,14898.2592
15/12/2021,14681.8533
14/12/2021,14620.7413
13/12/2021,14615.1448
10/12/2021,14887.8932
9/12/2021,15161.4889
8/12/2021,15094.9564
7/12/2021,14895.124
6/12/2021,14955.7575
3/12/2021,14541.7018
2/12/2021,13935.0444
1/12/2021,13744.8942
30/11/2021,13335.4386
29/11/2021,13094.9481
26/11/2021,12569.3894
25/11/2021,13554.4396
24/11/2021,13500.5565
23/11/2021,13743.0126
22/11/2021,13700.4904
19/11/2021,13582.3473
18/11/2021,13953.966
17/11/2021,13930.6558
16/11/2021,13881.8985
15/11/2021,13831.1836
12/11/2021,13643.5781
11/11/2021,13892.9654
10/11/2021,14027.311
9/11/2021,14132.5816
8/11/2021,14059.1903
5/11/2021,14127.7039
4/11/2021,14475.4425
3/11/2021,14282.6083
2/11/2021,14350.1566
29/10/2021,13987.4549
28/10/2021,14106.5853
27/10/2021,14272.8229
26/10/2021,14419.4294
25/10/2021,14349.8791
22/10/2021,14182.9968
21/10/2021,14222.173
20/10/2021,14364.8129
19/10/2021,14360.2606
18/10/2021,14499.4954
15/10/2021,14373.0771
14/10/2021,14439.3138
13/10/2021,14544.018
12/10/2021,14437.509
11/10/2021,14342.842
8/10/2021,14497.2253
7/10/2021,14741.1709
6/10/2021,14947.1008
5/10/2021,15055.0579
4/10/2021,15128.9021
1/10/2021,15381.2276
30/09/2021,15212.6374
29/09/2021,14998.0843
28/09/2021,14652.5788
27/09/2021,14143.6596
23/09/2021,14373.6938
22/09/2021,14327.3464
21/09/2021,14023.0673
20/09/2021,13922.1597
17/09/2021,14347.1186
16/09/2021,14808.1521
15/09/2021,15073.8973
14/09/2021,15206.5639
13/09/2021,15075.8952
10/9/2021,15008.4996
9/9/2021,14953.7666
8/9/2021,15147.6349
7/9/2021,15082.1697
6/9/2021,15154.0745
3/9/2021,15130.2795
2/9/2021,15323.6378
1/9/2021,15340.489
31/08/2021,15767.4893
30/08/2021,15493.6472
27/08/2021,15731.2079
26/08/2021,15667.7042
25/08/2021,15547.4001
24/08/2021,15360.1368
23/08/2021,15203.0097
20/08/2021,14926.1659
19/08/2021,15115.5122
18/08/2021,15361.4148
17/08/2021,14997.9971
16/08/2021,14828.2093
13/08/2021,14673.0156
12/8/2021,14674.5934
11/8/2021,14655.5575
10/8/2021,14765.6904
6/8/2021,15007.9767
5/8/2021,14627.893
4/8/2021,13768.6258
3/8/2021,13802.5139
2/8/2021,13607.0256
30/07/2021,13612.112
29/07/2021,13515.6431
28/07/2021,13390.8708
27/07/2021,13271.0477
26/07/2021,13235.4
23/07/2021,13426.3832
22/07/2021,13299.1941
21/07/2021,13132.6504
20/07/2021,13059.8847
19/07/2021,12962.393
16/07/2021,13245.496
15/07/2021,13200.1116
14/07/2021,13099.3552
13/07/2021,13124.3071
12/7/2021,13617.2616
9/7/2021,13885.9812
8/7/2021,13461.764
7/7/2021,13319.1962
6/7/2021,13250.2342
5/7/2021,13305.0359
2/7/2021,13295.2436
1/7/2021,13532.8757
30/06/2021,13602.0583
29/06/2021,13487.2743
28/06/2021,13170.5781
25/06/2021,13579.1367
24/06/2021,13446.2317
23/06/2021,13251.6866
22/06/2021,13122.3824
21/06/2021,13158.361
18/06/2021,13355.0349
17/06/2021,13909.476
15/06/2021,14314.0928
14/06/2021,14728.1133
11/6/2021,14606.7619
10/6/2021,14722.7607
9/6/2021,14656.9439
8/6/2021,14290.7461
7/6/2021,14326.5017
4/6/2021,14066.1689
3/6/2021,14289.4427
2/6/2021,14265.765
1/6/2021,14190.0021
31/05/2021,14338.9755
28/05/2021,14377.6814
27/05/2021,13977.3766
26/05/2021,13519.8315
25/05/2021,13293.1466
24/05/2021,12867.0941
21/05/2021,12881.3784
20/05/2021,12623.0798
19/05/2021,12574.1329
18/05/2021,12567.941
17/05/2021,12454.8005
14/05/2021,12455.8461
13/05/2021,12306.1308
12/5/2021,12331.6943
11/5/2021,12411.9427
10/5/2021,12519.6574
7/5/2021,12298.8893
6/5/2021,12309.3227
5/5/2021,12105.9558
4/5/2021,11972.6787
3/5/2021,12061.8683
30/04/2021,12401.215
29/04/2021,12908.8256
28/04/2021,12547.396
26/04/2021,12385.1236
23/04/2021,12348.9562
22/04/2021,12352.5637
21/04/2021,12147.8051
20/04/2021,12092.1556
19/04/2021,12633.3836
16/04/2021,12778.4332
15/04/2021,12713.8671
14/04/2021,12368.8399
13/04/2021,12468.8151
12/4/2021,12437.9491
9/4/2021,12351.9577
8/4/2021,12271.1061
7/4/2021,12548.1672
6/4/2021,12516.8715
1/4/2021,12467.6271
31/03/2021,12715.2807
30/03/2021,13075.3529
29/03/2021,12749.3393
26/03/2021,12278.0077
25/03/2021,12058.0623
24/03/2021,12173.0793
23/03/2021,12129.2323
19/03/2021,12275.2508
18/03/2021,12678.8158
17/03/2021,12855.1695
16/03/2021,12909.1457
15/03/2021,13293.1332
12/3/2021,13381.1276
11/3/2021,13290.6524
10/3/2021,13138.516
9/3/2021,13037.7126
8/3/2021,12920.9258
5/3/2021,12744.0452
4/3/2021,12742.3158
3/3/2021,12651.6937
2/3/2021,12580.7402
1/3/2021,12361.6257
26/02/2021,12112.4562
25/02/2021,12320.0295
24/02/2021,12163.1898
23/02/2021,11953.7533
22/02/2021,12315.8036
19/02/2021,12460.5727
18/02/2021,12719.8742
17/02/2021,12865.5216
16/02/2021,13219.692
15/02/2021,13314.5259
12/2/2021,13263.6494
11/2/2021,12738.0168
10/2/2021,12766.5382
9/2/2021,12674.2935
8/2/2021,12637.0202
5/2/2021,12789.9648
4/2/2021,11954.204
3/2/2021,11805.2673
2/2/2021,11569.9361
1/2/2021,11335.8955
29/01/2021,11425.759
28/01/2021,11632.5987
27/01/2021,11684.0234
26/01/2021,11451.8992
25/01/2021,11393.6579
22/01/2021,11473.5805
21/01/2021,11835.7353
20/01/2021,11899.6039
19/01/2021,11853.6173
18/01/2021,11719.4165
15/01/2021,11674.587
14/01/2021,11673.1385
13/01/2021,11807.6032
12/1/2021,11798.5142
11/1/2021,11899.0864
8/1/2021,12137.5856
7/1/2021,11858.4252
6/1/2021,11569.1361
5/1/2021,11532.862
4/1/2021,11787.4908
31/12/2020,12037.8965
30/12/2020,12081.9796
29/12/2020,12072.9031
28/12/2020,12237.6395
24/12/2020,12239.8955
23/12/2020,12147.4213
22/12/2020,11975.1766
21/12/2020,11686.1674
18/12/2020,12156.5872
17/12/2020,12190.8226
15/12/2020,11859.3907
14/12/2020,11737.1604
11/12/2020,11472.4719
10/12/2020,11424.1635
9/12/2020,11703.2361
8/12/2020,11577.7166
7/12/2020,11480.8254
4/12/2020,11631.8367
3/12/2020,11427.868
2/12/2020,11242.8066
1/12/2020,11103.0685
30/11/2020,10992.6029
27/11/2020,11757.4265
26/11/2020,11534.2438
25/11/2020,11495.1539
24/11/2020,11205.5741
23/11/2020,10735.8667
20/11/2020,10588.5804
19/11/2020,10666.4914
18/11/2020,10626.5968
17/11/2020,10450.9896
16/11/2020,10293.4747
13/11/2020,10261.0846
12/11/2020,10640.3658
11/11/2020,10733.6263
10/11/2020,10082.5439
9/11/2020,9611.3422
6/11/2020,9251.5018
5/11/2020,9460.5766
4/11/2020,9223.8712
3/11/2020,9298.8125
2/11/2020,8787.9994
30/10/2020,8789.1248
29/10/2020,9213.7598
28/10/2020,9626.5131
27/10/2020,10152.7535
26/10/2020,10119.1781
23/10/2020,10097.0448
22/10/2020,9741.5323
21/10/2020,9329.6712
20/10/2020,9101.6807
19/10/2020,9066.1604
16/10/2020,8767.905
15/10/2020,8814.7715
14/10/2020,8718.8256
13/10/2020,8863.9611
12/10/2020,9066.3058
9/10/2020,8873.722
8/10/2020,8921.0068
7/10/2020,9039.5405
6/10/2020,9023.6979
5/10/2020,9254.8693
2/10/2020,9185.2818
1/10/2020,9081.4602
30/09/2020,8923.2817
29/09/2020,8813.623
28/09/2020,8618.1468
25/09/2020,8183.674
23/09/2020,8382.4104
22/09/2020,8307.9761
21/09/2020,8304.0094
18/09/2020,8583.1552
17/09/2020,8801.0324
16/09/2020,8854.8432
15/09/2020,8850.9653
14/09/2020,9001.9904
11/9/2020,9076.0524
10/9/2020,9249.8472
9/9/2020,8667.5165
8/9/2020,8226.0429
7/9/2020,7990.1161
4/9/2020,8021.005
3/9/2020,7695.9655
2/9/2020,7926.9253
1/9/2020,7894.2295
31/08/2020,7831.1307
28/08/2020,8098.8965
27/08/2020,8239.2201
26/08/2020,8434.9127
25/08/2020,8472.4254
24/08/2020,8213.0635
21/08/2020,7952.4463
20/08/2020,7780.7211
19/08/2020,7827.8975
18/08/2020,7742.7829
17/08/2020,7653.8713
14/08/2020,7641.3602
13/08/2020,7583.7724
12/8/2020,7882.3808
11/8/2020,7839.1618
7/8/2020,7681.027
6/8/2020,7662.0064
5/8/2020,7806.4361
4/8/2020,7747.5336
3/8/2020,7712.2016
31/07/2020,8016.5165
30/07/2020,8313.5352
29/07/2020,8631.7769
28/07/2020,8476.7601
27/07/2020,8385.6483
24/07/2020,8527.0819
23/07/2020,8730.4648
22/07/2020,8983.5725
21/07/2020,9195.7243
20/07/2020,9082.6259
17/07/2020,9032.2593
16/07/2020,9069.8928
15/07/2020,8916.2162
14/07/2020,8748.5042
13/07/2020,8840.9507
10/7/2020,8461.4808
9/7/2020,8356.4065
8/7/2020,8363.7817
7/7/2020,8147.6469
6/7/2020,8450.1207
3/7/2020,8404.8476
2/7/2020,8497.8133
1/7/2020,8378.0035
30/06/2020,8677.6024
29/06/2020,8716.685
26/06/2020,8774.8077
25/06/2020,8846.6033
24/06/2020,8991.2815
23/06/2020,9208.262
22/06/2020,9199.502
19/06/2020,9513.6763
18/06/2020,9468.6664
17/06/2020,9620.0076
15/06/2020,9371.4276
12/6/2020,9532.7517
11/6/2020,9521.1982
10/6/2020,9738.5856
9/6/2020,9860.6638
8/6/2020,9985.9741
5/6/2020,10070.8521
4/6/2020,9526.4005
3/6/2020,9300.2211
2/6/2020,8432.6205
1/6/2020,7974.9999
29/05/2020,8137.6098
28/05/2020,8345.7041
27/05/2020,8246.1429
26/05/2020,8012.5778
25/05/2020,7813.0183
22/05/2020,7677.2251
21/05/2020,7844.1463
20/05/2020,7589.7188
19/05/2020,7899.5772
18/05/2020,7750.1677
15/05/2020,7718.6477
14/05/2020,7537.3783
13/05/2020,7814.0825
12/5/2020,8105.3764
11/5/2020,8192.5569
8/5/2020,8453.7005
7/5/2020,8402.5186
6/5/2020,8487.6272
5/5/2020,8668.5081
4/5/2020,8464.5448
30/04/2020,9041.4245
29/04/2020,8565.9004
28/04/2020,8348.907
24/04/2020,8002.7631
23/04/2020,8043.2971
22/04/2020,8201.3398
21/04/2020,7917.0256
20/04/2020,8181.6141
17/04/2020,8437.9594
16/04/2020,8211.4607
15/04/2020,8733.5676
14/04/2020,9578.2875
9/4/2020,9187.0038
8/4/2020,8713.3851
7/4/2020,8882.1314
6/4/2020,7843.77
3/4/2020,7352.4485
2/4/2020,7742.4191
1/4/2020,7665.3698
31/03/2020,7081.1939
30/03/2020,6573.9762
27/03/2020,7450.3629
26/03/2020,7895.868
25/03/2020,8035.7689
24/03/2020,7656.2625
23/03/2020,7556.8919
20/03/2020,8429.8838
19/03/2020,8437.206
18/03/2020,9722.5793
17/03/2020,10738.3022
16/03/2020,10720.6653
13/03/2020,11892.4104
12/3/2020,11862.1826
11/3/2020,12289.1277
10/3/2020,12087.5052
9/3/2020,11978.7081
6/3/2020,12612.2754
5/3/2020,13354.8224
4/3/2020,13527.4882
3/3/2020,13441.7602
2/3/2020,13379.9419
28/02/2020,13288.4716
27/02/2020,13859.3594
26/02/2020,13909.6487
25/02/2020,13386.5488
24/02/2020,13557.716
21/02/2020,13983.2785
20/02/2020,14459.2232
19/02/2020,14709.7193
18/02/2020,14616.7755
17/02/2020,14720.3814
14/02/2020,14684.6559
13/02/2020,14841.0725
12/2/2020,14831.9744
11/2/2020,14635.3802
10/2/2020,14536.9853
7/2/2020,14590.6929
6/2/2020,14762.997
5/2/2020,14417.7976
4/2/2020,14101.3675
3/2/2020,13772.1198
31/01/2020,13795.8464
30/01/2020,13905.1529
29/01/2020,13939.5366
28/01/2020,13783.7299
27/01/2020,13705.1697
24/01/2020,14024.4191
23/01/2020,14020.4997
22/01/2020,14040.4221
21/01/2020,13952.87
20/01/2020,13932.3153
17/01/2020,14036.5065
16/01/2020,14334.5698
15/01/2020,14379.7962
14/01/2020,14238.4645
13/01/2020,14141.0401
10/1/2020,14363.3191
9/1/2020,14441.6873
8/1/2020,14090.0275
7/1/2020,14324.8012
6/1/2020,14565.9909
3/1/2020,14878.3819
2/1/2020,15104.4109
31/12/2019,14944.5964
30/12/2019,15107.3011
27/12/2019,14932.8032
24/12/2019,14861.9569
23/12/2019,14862.2814
20/12/2019,14989.6615
19/12/2019,15155.8705
18/12/2019,15314.7549
17/12/2019,15175.5217
13/12/2019,15120.397
12/12/2019,14603.6134
11/12/2019,14643.3819
10/12/2019,14428.2961
9/12/2019,14662.7213
6/12/2019,14731.2921
5/12/2019,14527.6847
4/12/2019,14697.6395
3/12/2019,14548.8967
2/12/2019,14604.6691
29/11/2019,14749.0147
28/11/2019,14798.2349
27/11/2019,15094.6697
26/11/2019,15011.7952
25/11/2019,15641.3968
22/11/2019,15962.1133
21/11/2019,15950.8753
20/11/2019,16359.4804
19/11/2019,16260.6224
18/11/2019,16103.3513
15/11/2019,16258.2024
14/11/2019,16158.6998
13/11/2019,16030.996
12/11/2019,16224.1624
11/11/2019,16084.2245
8/11/2019,16253.0893
7/11/2019,16374.4908
6/11/2019,16142.6248
5/11/2019,16029.4369
4/11/2019,15780.8733
1/11/2019,15458.8641
31/10/2019,15601.2546
30/10/2019,15632.8746
29/10/2019,16093.0097
28/10/2019,16124.8855
25/10/2019,15925.5952
24/10/2019,16185.5277
23/10/2019,16215.3006
22/10/2019,16318.8069
21/10/2019,15994.9949
18/10/2019,15897.7033
17/10/2019,16008.5787
16/10/2019,15868.9572
15/10/2019,15835.4744
14/10/2019,15729.0251
11/10/2019,15928.2057
10/10/2019,15362.7596
9/10/2019,15045.5034
8/10/2019,14986.2558
7/10/2019,15116.277
4/10/2019,15208.7392
3/10/2019,15154.8621
2/10/2019,15294.2657
1/10/2019,15462.7003
30/09/2019,15409.8704
27/09/2019,15868.5001
26/09/2019,16022.2355
25/09/2019,15750.5736
23/09/2019,16109.1811
20/09/2019,16383.1982
19/09/2019,16549.3425
18/09/2019,16800.9598
17/09/2019,16745.6831
16/09/2019,17015.6247
13/09/2019,16569.315
12/9/2019,16181.5673
11/9/2019,15820.3625
10/9/2019,16040.4271
9/9/2019,16092.9402
6/9/2019,15979.8967
5/9/2019,15678.8085
4/9/2019,15364.2221
3/9/2019,15371.9137
2/9/2019,15253.2151
30/08/2019,15203.9644
29/08/2019,14890.3438
28/08/2019,14954.3447
27/08/2019,14793.4701
26/08/2019,15018.2836
23/08/2019,15089.7469
22/08/2019,15239.9406
21/08/2019,15264.4753
20/08/2019,14894.6257
19/08/2019,14901.213
16/08/2019,14974.2456
15/08/2019,14823.502
14/08/2019,14632.5611
13/08/2019,14896.2812
12/8/2019,14903.3058
8/8/2019,15116.7937
7/8/2019,15102.4383
6/8/2019,15409.2834
5/8/2019,15378.9202
2/8/2019,15607.2266
1/8/2019,15781.1448
31/07/2019,16098.5905
30/07/2019,16224.0249
29/07/2019,16412.166
26/07/2019,16442.923
25/07/2019,16783.02
24/07/2019,16909.9665
23/07/2019,16979.5985
22/07/2019,16908.148
19/07/2019,17228.2527
18/07/2019,17078.7101
17/07/2019,16999.231
16/07/2019,17014.6825
15/07/2019,16882.7062
12/7/2019,17093.4551
11/7/2019,17057.0737
10/7/2019,16820.1196
9/7/2019,16673.6094
8/7/2019,16932.9846
5/7/2019,16882.4399
4/7/2019,17019.6238
3/7/2019,17042.6621
2/7/2019,17156.9513
1/7/2019,17662.6073
28/06/2019,17607.0149
27/06/2019,17765.9163
26/06/2019,17878.2232
25/06/2019,17714.6554
24/06/2019,17917.0931
21/06/2019,18063.1703
20/06/2019,18085.7997
19/06/2019,17831.791
18/06/2019,17482.1666
14/06/2019,17240.2818
13/06/2019,17436.1336
12/6/2019,17384.9944
11/6/2019,17427.7732
10/6/2019,17255.3877
7/6/2019,16664.7109
6/6/2019,16600.026
5/6/2019,16636.2376
4/6/2019,16796.0344
3/6/2019,17132.2815
31/05/2019,16669.4055
30/05/2019,16733.6281
29/05/2019,16102.0837
28/05/2019,15832.4202
27/05/2019,16146.6359
24/05/2019,16232.2314
23/05/2019,16340.7887
22/05/2019,16615.4487
21/05/2019,16579.9423
20/05/2019,16853.3482
17/05/2019,16678.8557
16/05/2019,16941.8787
15/05/2019,16768.9122
14/05/2019,17015.152
13/05/2019,16898.1319
10/5/2019,16754.5235
9/5/2019,16349.2076
7/5/2019,16848.0139
6/5/2019,16884.4703
3/5/2019,17137.1156
2/5/2019,16809.2011
30/04/2019,16336.7545
29/04/2019,16100.0019
26/04/2019,16015.1344
25/04/2019,15875.1551
24/04/2019,16089.6809
23/04/2019,16312.7061
18/04/2019,16440.0508
17/04/2019,16252.27
16/04/2019,16115.1903
15/04/2019,16273.0712
12/4/2019,15917.4217
11/4/2019,15918.9535
10/4/2019,16108.1253
9/4/2019,16373.0892
8/4/2019,16389.8642
5/4/2019,16580.1344
4/4/2019,16381.2458
3/4/2019,16293.7588
2/4/2019,15749.0411
1/4/2019,15766.4386
29/03/2019,15183.019
28/03/2019,15166.1997
27/03/2019,15198.7544
26/03/2019,15050.1528
25/03/2019,15069.9101
22/03/2019,15331.6659
20/03/2019,15668.4768
19/03/2019,16271.2812
18/03/2019,16669.4595
15/03/2019,16509.3774
14/03/2019,16101.9965
13/03/2019,16096.1308
12/3/2019,16646.4409
11/3/2019,16849.3995
8/3/2019,17268.9217
7/3/2019,17297.1722
6/3/2019,17386.2521
5/3/2019,17468.3032
4/3/2019,17638.8804
1/3/2019,17881.386
28/02/2019,18040.0099
27/02/2019,18203.3283
26/02/2019,18183.1172
25/02/2019,17959.8058
22/02/2019,17739.2264
21/02/2019,17552.3768
20/02/2019,17121.7037
19/02/2019,17045.0564
18/02/2019,17378.101
15/02/2019,17363.6763
14/02/2019,17913.9686
13/02/2019,18052.0418
12/2/2019,17767.2455
11/2/2019,17490.8238
8/2/2019,17549.613
7/2/2019,17552.746
6/2/2019,17708.9129
5/2/2019,17531.9354
4/2/2019,17790.2981
1/2/2019,18255.2918
31/01/2019,18505.0471
30/01/2019,18519.3749
29/01/2019,18189.2028
28/01/2019,17810.7515
25/01/2019,17846.9743
24/01/2019,17503.5386
23/01/2019,17370.6386
22/01/2019,17458.9778
21/01/2019,17464.8323
18/01/2019,17379.476
17/01/2019,17396.6099
16/01/2019,17340.2156
15/01/2019,17032.3878
14/01/2019,16922.649
11/1/2019,16953.0492
10/1/2019,16689.0615
9/1/2019,16422.3189
8/1/2019,16414.3072
7/1/2019,16284.9555
4/1/2019,15992.7506
3/1/2019,15880.9099
2/1/2019,15792.0412
31/12/2018,16143.1645
28/12/2018,15896.7487
27/12/2018,15697.4202
24/12/2018,15549.0162
21/12/2018,15505.7529
20/12/2018,15670.3376
19/12/2018,15788.5775
18/12/2018,15338.355
14/12/2018,15740.7224
13/12/2018,15933.1563
12/12/2018,15597.6185
11/12/2018,15321.8241
10/12/2018,15055.935
7/12/2018,15483.4636
6/12/2018,15367.7312
5/12/2018,15943.3486
4/12/2018,15938.4856
3/12/2018,15777.2737
30/11/2018,15389.7635
29/11/2018,15943.7014
28/11/2018,15791.8363
27/11/2018,15649.0384
26/11/2018,15603.8609
23/11/2018,15234.9642
22/11/2018,15389.1372
21/11/2018,15348.4504
20/11/2018,15553.7288
19/11/2018,15835.0895
16/11/2018,15680.7775
15/11/2018,15552.411
14/11/2018,15515.5899
13/11/2018,15681.8962
12/11/2018,15630.9236
9/11/2018,15738.5542
8/11/2018,16135.7016
7/11/2018,16250.9091
6/11/2018,15783.3474
5/11/2018,16098.2581
2/11/2018,15888.7077
1/11/2018,15086.5195
31/10/2018,15069.1697
30/10/2018,15258.2958
29/10/2018,15083.1201
26/10/2018,14472.0647
25/10/2018,14527.5755
24/10/2018,14393.5821
23/10/2018,13952.0315
22/10/2018,14488.5037
19/10/2018,14581.3111
18/10/2018,14475.9754
17/10/2018,14777.2671
16/10/2018,14692.2762
15/10/2018,14660.6297
12/10/2018,14867.9174
11/10/2018,14363.337
10/10/2018,14804.9086
9/10/2018,14657.2392
8/10/2018,14538.8605
5/10/2018,14523.886
4/10/2018,14593.889
3/10/2018,14941.522
2/10/2018,15041.1715
1/10/2018,15363.7125
28/09/2018,15164.7485
27/09/2018,15470.3166
26/09/2018,15464.617
25/09/2018,15275.563
21/09/2018,15449.0816
20/09/2018,15157.1509
19/09/2018,15044.4238
18/09/2018,14677.1563
17/09/2018,14635.7995
14/09/2018,15005.9839
13/09/2018,14889.4081
12/9/2018,14988.1581
11/9/2018,15400.2342
10/9/2018,15535.6003
7/9/2018,15697.1117
6/9/2018,15807.4595
5/9/2018,15380.9741
4/9/2018,15890.098
3/9/2018,16480.2894
31/08/2018,16313.2917
30/08/2018,16459.5348
29/08/2018,16584.0272
28/08/2018,16779.2827
27/08/2018,16459.8338
24/08/2018,16062.2537
23/08/2018,15930.4489
22/08/2018,15966.8793
21/08/2018,15901.3552
20/08/2018,15949.7506
17/08/2018,15923.7484
16/08/2018,16099.7459
15/08/2018,15835.4569
14/08/2018,16309.6255
13/08/2018,16019.1204
10/8/2018,16310.9311
8/8/2018,16738.401
7/8/2018,16599.047
6/8/2018,16643.5682
3/8/2018,16984.3425
2/8/2018,16783.0709
1/8/2018,16886.0874
31/07/2018,17087.2378
30/07/2018,16843.4781
27/07/2018,16712.9445
26/07/2018,16679.0653
25/07/2018,16446.9634
24/07/2018,16245.6723
23/07/2018,15918.0665
20/07/2018,15870.3395
19/07/2018,15784.2317
18/07/2018,15867.4481
17/07/2018,15702.8285
16/07/2018,15763.3817
13/07/2018,15918.5907
12/7/2018,15892.58
11/7/2018,16210.2174
10/7/2018,16625.7789
9/7/2018,16691.9098
6/7/2018,16375.5465
5/7/2018,16668.6428
4/7/2018,16531.0405
3/7/2018,16157.2349
2/7/2018,15854.1588
29/06/2018,15851.9391
28/06/2018,15235.9271
27/06/2018,15357.9867
26/06/2018,15978.6773
25/06/2018,15990.5951
22/06/2018,16242.3765
21/06/2018,16114.0446
20/06/2018,15904.9033
19/06/2018,15492.8192
18/06/2018,15821.3226
15/06/2018,16235.7591
14/06/2018,16594.4362
13/06/2018,16180.4812
12/6/2018,16131.0806
11/6/2018,16209.4408
8/6/2018,16108.4036
7/6/2018,16403.3584
6/6/2018,16397.4254
5/6/2018,16354.9517
4/6/2018,16884.8733
1/6/2018,16567.1945
31/05/2018,16247.8794
30/05/2018,16233.8171
29/05/2018,16275.7114
28/05/2018,16323.6337
25/05/2018,16133.1117
24/05/2018,16030.3099
23/05/2018,16133.8836
22/05/2018,16323.0489
21/05/2018,16382.7933
18/05/2018,16809.7102
17/05/2018,17213.5044
16/05/2018,17517.5937
15/05/2018,17555.94
14/05/2018,17999.4558
11/5/2018,17938.2353
10/5/2018,18041.5364
9/5/2018,17746.8721
8/5/2018,17749.201
7/5/2018,18061.177
4/5/2018,17944.3949
3/5/2018,18118.793
2/5/2018,18292.1827
30/04/2018,18070.6709
26/04/2018,17465.9883
25/04/2018,17095.4506
24/04/2018,17442.3446
23/04/2018,17437.7438
20/04/2018,18011.273
19/04/2018,18183.6612
18/04/2018,17962.8965
17/04/2018,17705.827
16/04/2018,17737.9283
13/04/2018,17697.9625
12/4/2018,17758.8115
11/4/2018,17780.2504
10/4/2018,18343.197
9/4/2018,18534.02
6/4/2018,18523.5203
5/4/2018,18483.6286
4/4/2018,17958.1981
3/4/2018,18726.2052
29/03/2018,18932.3978
28/03/2018,18829.2457
27/03/2018,19612.262
26/03/2018,19491.288
23/03/2018,19408.3163
22/03/2018,19734.5567
20/03/2018,19957.2781
19/03/2018,19871.6141
16/03/2018,19962.5784
15/03/2018,20100.7496
14/03/2018,20014.5859
13/03/2018,20381.6289
12/3/2018,20628.4426
9/3/2018,20547.8193
8/3/2018,20752.0406
7/3/2018,20482.4647
6/3/2018,20699.1406
5/3/2018,20407.4845
2/3/2018,19918.2639
1/3/2018,19911.9647
28/02/2018,19908.5729
27/02/2018,20375.1822
26/02/2018,20508.2427
23/02/2018,20193.8704
22/02/2018,19737.9677
21/02/2018,19702.7563
20/02/2018,19865.0767
19/02/2018,20393.3475
16/02/2018,20741.8797
15/02/2018,20380.0636
14/02/2018,19025.5898
13/02/2018,19070.7341
12/2/2018,18583.8912
9/2/2018,18321.4512
8/2/2018,18342.6183
7/2/2018,18182.8041
6/2/2018,17592.6073
5/2/2018,17929.318
2/2/2018,18068.0036
1/2/2018,18171.4274
31/01/2018,17870.2122
30/01/2018,17131.0443
29/01/2018,17749.1399
26/01/2018,18431.6933
25/01/2018,18567.0683
24/01/2018,18780.0732
23/01/2018,18885.9776
22/01/2018,18240.9088
19/01/2018,18007.5419
18/01/2018,18124.5058
17/01/2018,17758.3625
16/01/2018,17590.8566
15/01/2018,17227.7277
12/1/2018,17223.6652
11/1/2018,17199.0254
10/1/2018,17478.3329
9/1/2018,17430.3736
8/1/2018,16959.9606
5/1/2018,16998.3963
4/1/2018,16971.9008
3/1/2018,17108.6701
2/1/2018,17939.1611
29/12/2017,18037.2288
28/12/2017,17718.1643
27/12/2017,17606.4147
22/12/2017,17291.0831
21/12/2017,17783.8172
20/12/2017,18782.4454
19/12/2017,18677.2921
18/12/2017,16900.7622
15/12/2017,15981.6133
14/12/2017,15740.893
13/12/2017,15110.4283
12/12/2017,15050.0756
11/12/2017,15146.8478
8/12/2017,15786.6948
7/12/2017,15911.571
6/12/2017,16130.493
5/12/2017,16113.6057
4/12/2017,15950.305
1/12/2017,16006.8183
30/11/2017,15846.3684
29/11/2017,15882.8581
28/11/2017,15775.4946
27/11/2017,15350.6229
24/11/2017,15171.9819
23/11/2017,15270.1721
22/11/2017,15236.2819
21/11/2017,14902.7926
20/11/2017,14795.5243
17/11/2017,14502.355
16/11/2017,14299.2681
15/11/2017,14274.5387
14/11/2017,14370.6173
13/11/2017,14320.9321
10/11/2017,14240.9343
9/11/2017,14317.1336
8/11/2017,14344.3173
7/11/2017,14324.9562
6/11/2017,14239.1013
3/11/2017,14175.61
2/11/2017,14143.94
1/11/2017,14048.01
31/10/2017,13947.9
30/10/2017,13954.46
27/10/2017,13728.42
26/10/2017,13729.37
25/10/2017,14144.69
24/10/2017,14290.57
23/10/2017,14336.27
20/10/2017,14307.09
19/10/2017,14689.57
18/10/2017,14612.02
17/10/2017,14669.58
16/10/2017,14827.43
13/10/2017,14718.85
12/10/2017,14652.4
11/10/2017,14562.94
10/10/2017,14262.62
9/10/2017,14305.26
6/10/2017,14222.25
5/10/2017,14147.63
4/10/2017,13848.13
3/10/2017,13785.2
2/10/2017,13809.93
29/09/2017,13842.04
28/09/2017,13664.41
27/09/2017,13598.48
26/09/2017,13696.81
22/09/2017,13940.94
21/09/2017,13903.33
20/09/2017,14028.29
19/09/2017,13797.58
18/09/2017,13895.17
15/09/2017,13625.11
14/09/2017,13836.99
13/09/2017,13953.74
12/9/2017,14075.04
11/9/2017,14160.43
8/9/2017,14221.08
7/9/2017,14141.24
6/9/2017,14191.17
5/9/2017,14996.1
4/9/2017,14821.19
1/9/2017,14800.56
31/08/2017,14814.51
30/08/2017,15060.72
29/08/2017,15140.38
28/08/2017,15313.36
25/08/2017,15327.69
24/08/2017,15267.02
23/08/2017,15068.49
22/08/2017,15038.46
21/08/2017,14988.98
18/08/2017,14787.57
17/08/2017,14906.21
16/08/2017,15020.05
15/08/2017,14887.89
14/08/2017,14903.69
11/8/2017,14765.97
10/8/2017,14914.56
8/8/2017,15009.86
7/8/2017,14867.88
4/8/2017,14701.3
3/8/2017,14483.6
2/8/2017,14250.96
1/8/2017,14288.02
31/07/2017,14452.25
28/07/2017,14474.09
27/07/2017,14784.34
26/07/2017,14709.53
25/07/2017,14666.76
24/07/2017,14754.02
21/07/2017,14765.6
20/07/2017,14857.67
19/07/2017,14615.3
18/07/2017,14533.15
17/07/2017,14565.48
14/07/2017,14475.51
13/07/2017,14465.07
12/7/2017,14235.79
11/7/2017,14037.18
10/7/2017,14048.6
7/7/2017,13938.17
6/7/2017,14290.69
5/7/2017,14328.44
4/7/2017,14506.75
3/7/2017,14303.77
30/06/2017,14297.56
29/06/2017,14455.86
28/06/2017,14521
27/06/2017,14665.92
26/06/2017,14574.82
23/06/2017,14333.72
22/06/2017,14155.97
21/06/2017,14268.92
20/06/2017,14416.25
19/06/2017,14609.53
15/06/2017,14731.22
14/06/2017,14863.86
13/06/2017,14857.73
12/6/2017,14808.93
9/6/2017,14659.1
8/6/2017,14570.61
7/6/2017,14601.3
6/6/2017,14823.76
5/6/2017,15189.99
2/6/2017,14740.18
1/6/2017,14289.56
31/05/2017,13994.76
30/05/2017,14628.76
29/05/2017,14646.14
26/05/2017,14737
25/05/2017,14930.66
24/05/2017,14817.07
23/05/2017,14535.36
22/05/2017,14276.74
19/05/2017,14227.87
18/05/2017,14109.32
17/05/2017,14347.34
16/05/2017,14566.23
15/05/2017,14397.76
12/5/2017,14513.66
11/5/2017,14633.21
10/5/2017,14738.82
9/5/2017,14720.93
8/5/2017,14690.58
5/5/2017,14459.62
4/5/2017,14533.1
3/5/2017,14708
2/5/2017,14773.67
28/04/2017,14749.89
26/04/2017,14693.05
25/04/2017,14687.55
24/04/2017,14878.92
21/04/2017,14437.11
20/04/2017,14370.56
19/04/2017,14322.58
18/04/2017,14482.66
13/04/2017,14509.76
12/4/2017,14597.13
11/4/2017,14181.17
10/4/2017,13950.16
7/4/2017,13809.25
6/4/2017,13577.94
5/4/2017,13671.52
4/4/2017,14156.72
3/4/2017,14086.73
31/03/2017,14165.9
30/03/2017,15038.28
29/03/2017,14897.42
28/03/2017,15117.37
27/03/2017,15461.67
24/03/2017,15811.47
23/03/2017,15720.96
22/03/2017,15658.03
20/03/2017,15571.67
17/03/2017,15608.51
16/03/2017,15510.4
15/03/2017,15077.91
14/03/2017,14953.4
13/03/2017,15133.64
10/3/2017,15069.67
9/3/2017,15011.31
8/3/2017,15007.73
7/3/2017,15212.06
6/3/2017,15473.58
3/3/2017,15255.98
2/3/2017,15508.12
1/3/2017,15351.23
28/02/2017,15306.77
27/02/2017,15514.19
24/02/2017,15648.67
23/02/2017,15662.05
22/02/2017,15726.61
21/02/2017,15926.47
20/02/2017,15972.76
17/02/2017,16082.39
16/02/2017,16270.69
15/02/2017,16409.77
14/02/2017,16325.28
13/02/2017,16287.51
10/2/2017,16115.88
9/2/2017,15761.44
8/2/2017,15550.88
7/2/2017,15546.57
6/2/2017,15418.26
3/2/2017,15442.24
2/2/2017,15452.62
1/2/2017,15708.89
31/01/2017,15870.38
30/01/2017,15646.5
27/01/2017,15930.86
26/01/2017,16529.23
25/01/2017,16511.08
24/01/2017,16396.99
23/01/2017,16454.04
20/01/2017,16308.68
19/01/2017,16533.62
18/01/2017,16897.58
17/01/2017,16749.03
16/01/2017,16924.22
13/01/2017,16985.93
12/1/2017,17052.73
11/1/2017,16867.3
10/1/2017,16794.28
9/1/2017,16973.44
6/1/2017,16845.34
5/1/2017,16814.7
4/1/2017,17012.14
3/1/2017,16965.03
30/12/2016,16811.79
29/12/2016,17046.24
28/12/2016,16833.9
23/12/2016,16430.71
22/12/2016,16456.44
21/12/2016,16618.09
20/12/2016,16515.71
19/12/2016,16696.08
15/12/2016,16596.57
14/12/2016,16961.7
13/12/2016,16773.47
12/12/2016,16873.85
9/12/2016,16715.11
8/12/2016,16517.87
7/12/2016,16112.06
6/12/2016,16145.73
5/12/2016,16079.05
2/12/2016,15696.68
1/12/2016,15876.2
30/11/2016,15831.48
29/11/2016,16060.34
28/11/2016,16023.61
25/11/2016,15395.84
24/11/2016,15526.41
23/11/2016,15901.08
22/11/2016,15914.17
21/11/2016,15467.09
18/11/2016,15220.7
17/11/2016,15280.18
16/11/2016,15007.93
15/11/2016,14750.95
14/11/2016,14610.47
11/11/2016,14524.55
10/11/2016,15329.68
9/11/2016,15630.51
8/11/2016,15904.91
7/11/2016,15567.01
4/11/2016,15252.56
3/11/2016,15465.59
2/11/2016,15705.11
1/11/2016,15705.37
31/10/2016,15654.27
28/10/2016,15153.57
27/10/2016,15308.86
26/10/2016,15402.7
25/10/2016,15424.36
24/10/2016,15424.29
21/10/2016,15026.79
20/10/2016,15100.99
19/10/2016,15177.01
18/10/2016,15089.49
17/10/2016,14693.52
14/10/2016,14602.71
13/10/2016,14803.48
12/10/2016,14940.01
11/10/2016,14933.76
10/10/2016,15609.34
7/10/2016,15702.11
6/10/2016,15717.94
5/10/2016,15441.9
4/10/2016,15405.06
3/10/2016,15139.78
30/09/2016,15159.53
29/09/2016,15483.91
28/09/2016,15142.76
27/09/2016,15172.98
26/09/2016,15152.99
23/09/2016,15258.8
22/09/2016,15373.66
21/09/2016,14824.93
20/09/2016,14816.39
19/09/2016,14886.25
16/09/2016,14611.36
15/09/2016,14498.28
14/09/2016,14561.11
13/09/2016,14667.17
12/9/2016,14603.89
9/9/2016,14988.66
8/9/2016,14918.93
7/9/2016,14841.64
6/9/2016,14983.29
5/9/2016,14818.71
2/9/2016,14641.7
1/9/2016,14547.2
31/08/2016,15093.32
30/08/2016,15274.45
29/08/2016,15353.35
26/08/2016,15328.03
25/08/2016,15565.92
24/08/2016,15417.5
23/08/2016,16365.03
22/08/2016,16251.76
19/08/2016,16428.22
18/08/2016,16334.78
17/08/2016,16037.06
16/08/2016,16395.11
15/08/2016,16483.54
12/8/2016,16442.79
11/8/2016,16015.78
10/8/2016,16357.64
8/8/2016,16210.01
5/8/2016,16063.24
4/8/2016,16000.86
2/8/2016,15692.52
1/8/2016,15771.25
29/07/2016,15478.78
28/07/2016,15406.47
27/07/2016,15424.82
26/07/2016,15352.91
25/07/2016,15270.44
22/07/2016,15104.48
21/07/2016,14978.8
20/07/2016,14980.31
19/07/2016,14666.59
18/07/2016,14595.77
15/07/2016,14468.43
14/07/2016,14463.77
13/07/2016,14290.94
12/7/2016,14218.47
11/7/2016,13990.04
8/7/2016,13663.95
7/7/2016,13623.58
6/7/2016,13388.77
5/7/2016,13912.94
4/7/2016,14018.45
1/7/2016,13948.11
30/06/2016,14427.47
29/06/2016,14252.13
28/06/2016,14432.49
27/06/2016,14019.34
24/06/2016,14581.37
23/06/2016,15247.11
22/06/2016,15098.5
21/06/2016,14603.89
20/06/2016,14667.55
17/06/2016,14516.92
15/06/2016,14303.36
14/06/2016,14268.87
13/06/2016,14569.76
10/6/2016,14654.68
9/6/2016,14849.33
8/6/2016,15167.28
7/6/2016,15346.15
6/6/2016,15152.3
3/6/2016,15057.52
2/6/2016,14906.79
1/6/2016,14527.14
31/05/2016,14555.35
30/05/2016,14635
27/05/2016,14634.83
26/05/2016,15043.79
25/05/2016,14809.6
24/05/2016,14201.36
23/05/2016,14119.38
20/05/2016,13997.96
19/05/2016,13627.16
18/05/2016,13641.22
17/05/2016,13496.79
16/05/2016,13645.18
13/05/2016,13579.1
12/5/2016,13600.85
11/5/2016,13765.42
10/5/2016,13648.41
9/5/2016,13667.55
6/5/2016,13204.92
5/5/2016,12917.75
4/5/2016,13613.03
3/5/2016,14065.58
29/04/2016,14540.12
28/04/2016,14911.94
26/04/2016,14505.64
25/04/2016,14438.42
22/04/2016,14540.43
21/04/2016,14839.04
20/04/2016,14820.49
19/04/2016,14390.39
18/04/2016,14190.56
15/04/2016,13897.46
14/04/2016,14047.11
13/04/2016,14032.48
12/4/2016,13820.04
11/4/2016,13607.32
8/4/2016,13421.17
7/4/2016,13107.85
6/4/2016,13485.97
5/4/2016,14179.18
4/4/2016,14402.12
1/4/2016,14735.96
31/03/2016,14742.27
30/03/2016,14511.19
29/03/2016,14062.18
24/03/2016,14178.96
23/03/2016,14547.96
22/03/2016,14661.43
18/03/2016,14802.06
17/03/2016,14401.5
16/03/2016,13520.24
15/03/2016,13514.55
14/03/2016,13547.48
11/3/2016,13632.36
10/3/2016,13661.58
9/3/2016,13854.48
8/3/2016,14098.03
7/3/2016,13941.86
4/3/2016,14032.87
3/3/2016,14441.89
2/3/2016,14467.42
1/3/2016,13854.2
29/02/2016,13784.15
26/02/2016,14751.05
25/02/2016,14661.19
24/02/2016,14727.28
23/02/2016,14877.33
22/02/2016,15357.32
19/02/2016,15289.41
18/02/2016,15667.16
17/02/2016,15154.84
16/02/2016,15388.22
15/02/2016,15437.41
12/2/2016,14583.85
11/2/2016,13890.45
10/2/2016,14393.63
9/2/2016,14011.21
8/2/2016,14263.65
5/2/2016,14449.28
4/2/2016,14200.14
3/2/2016,13671.12
2/2/2016,13732.78
1/2/2016,14221.31
29/01/2016,14243.93
28/01/2016,13653.18
27/01/2016,13074.65
26/01/2016,12495.1
25/01/2016,12840.83
22/01/2016,12801.05
21/01/2016,12328.28
20/01/2016,12633.65
19/01/2016,12978.79
18/01/2016,12915.51
15/01/2016,12800.1
14/01/2016,12978.07
13/01/2016,13187.84
12/1/2016,12861.85
11/1/2016,12658.06
8/1/2016,13221.71
7/1/2016,12980.98
6/1/2016,13568.12
5/1/2016,13701.76
4/1/2016,13635.89
31/12/2015,14278.16
30/12/2015,14360.57
29/12/2015,14474.39
28/12/2015,14804.7
24/12/2015,14974.95
23/12/2015,14873.74
22/12/2015,14538.09
21/12/2015,14488.66
18/12/2015,14158.09
17/12/2015,14341.99
15/12/2015,14205.92
14/12/2015,14385.5
11/12/2015,11936.86
10/12/2015,13949.76
9/12/2015,15441.19
8/12/2015,15224.84
7/12/2015,15219.22
4/12/2015,15122.64
3/12/2015,15362.93
2/12/2015,15642.56
1/12/2015,15819.38
30/11/2015,15996.57
27/11/2015,16429.52
26/11/2015,16545.22
25/11/2015,16387.3
24/11/2015,16750.93
23/11/2015,17087.25
20/11/2015,17296.13
19/11/2015,16851.73
18/11/2015,16509.01
17/11/2015,16877.67
16/11/2015,16393.51
13/11/2015,16395.46
12/11/2015,16553.17
11/11/2015,17018.33
10/11/2015,17278.75
9/11/2015,17437.71
6/11/2015,17669.35
5/11/2015,17831.11
4/11/2015,17866.1
3/11/2015,17725.03
2/11/2015,17686.64
30/10/2015,17698.73
29/10/2015,17679.18
28/10/2015,17900.73
27/10/2015,17664.14
26/10/2015,17984.84
23/10/2015,17731.54
22/10/2015,17463.78
21/10/2015,17565.65
20/10/2015,17599.65
19/10/2015,17671.75
16/10/2015,17402.83
15/10/2015,17318.73
14/10/2015,17330.15
13/10/2015,17260.09
12/10/2015,17538.79
9/10/2015,17739.04
8/10/2015,17529.67
7/10/2015,17731.29
6/10/2015,17780.83
5/10/2015,17653.1
2/10/2015,17314.74
1/10/2015,17276.88
30/09/2015,16982.69
29/09/2015,16812.09
28/09/2015,16783.62
25/09/2015,17296.16
23/09/2015,17282.61
22/09/2015,17306.26
21/09/2015,17431.3
18/09/2015,17670.12
17/09/2015,17692.85
16/09/2015,17151.46
15/09/2015,16980.1
14/09/2015,17167.89
11/9/2015,17058.34
10/9/2015,16905.93
9/9/2015,17121.65
8/9/2015,16865.15
7/9/2015,16638.13
4/9/2015,17464.78
3/9/2015,17567.47
2/9/2015,17249.2
1/9/2015,17122.83
31/08/2015,17282
28/08/2015,17314.35
27/08/2015,17283.38
26/08/2015,16931.38
25/08/2015,17295.72
24/08/2015,17054.3
21/08/2015,17339.02
20/08/2015,17412.21
19/08/2015,17748.94
18/08/2015,17808.81
17/08/2015,18040.27
14/08/2015,17957.74
13/08/2015,18089.18
12/8/2015,18166.82
11/8/2015,18599.99
7/8/2015,18533.79
6/8/2015,18684.56
5/8/2015,18875.54
4/8/2015,18905.49
3/8/2015,18482.77
31/07/2015,18514.21
30/07/2015,18428.23
29/07/2015,18393.95
28/07/2015,18781.91
27/07/2015,18691.04
24/07/2015,18719.14
23/07/2015,18896.16
22/07/2015,18769.14
21/07/2015,19019.63
20/07/2015,18908.71
17/07/2015,18807.84
16/07/2015,18689.51
15/07/2015,18715.08
14/07/2015,18833.1
13/07/2015,18808.95
10/7/2015,18877.89
9/7/2015,18545.18
8/7/2015,18164.58
7/7/2015,17973.39
6/7/2015,18317.28
3/7/2015,18263.79
2/7/2015,18216.42
1/7/2015,18143.15
30/06/2015,18141.86
29/06/2015,17806.92
26/06/2015,18100.51
25/06/2015,18267.14
24/06/2015,18031.52
23/06/2015,18050.31
22/06/2015,17711.16
19/06/2015,17471.26
18/06/2015,17571.01
17/06/2015,17557.01
15/06/2015,17812.25
12/6/2015,18132.39
11/6/2015,18327.39
10/6/2015,18139.06
9/6/2015,18010.04
8/6/2015,17934.65
5/6/2015,17670.51
4/6/2015,17478.98
3/6/2015,17672.45
2/6/2015,17683.67
1/6/2015,17741.29
29/05/2015,17653.46
28/05/2015,17847.51
27/05/2015,17928.89
26/05/2015,17936.3
25/05/2015,18306.35
22/05/2015,18270.72
21/05/2015,18314.48
20/05/2015,18348.47
19/05/2015,18504.51
18/05/2015,18538.81
15/05/2015,18543.37
14/05/2015,17932.28
13/05/2015,18112.43
12/5/2015,18276.66
11/5/2015,18456.22
8/5/2015,18515.69
7/5/2015,18413.54
6/5/2015,18777.18
5/5/2015,18878.11
4/5/2015,18832
30/04/2015,19076.98
29/04/2015,19249.25
28/04/2015,19210.98
24/04/2015,18995.68
23/04/2015,19069.16
22/04/2015,18985.93
21/04/2015,19024.21
20/04/2015,18592.87
17/04/2015,18370.86
16/04/2015,18379.69
15/04/2015,18388.31
14/04/2015,18478.66
13/04/2015,18498.8
10/4/2015,19143.28
9/4/2015,19172.29
8/4/2015,19235.1
7/4/2015,19466.15
2/4/2015,18903.55
1/4/2015,18802.15
31/03/2015,18504.92
30/03/2015,18501.3
27/03/2015,18189.54
26/03/2015,18334.9
25/03/2015,18443.37
24/03/2015,18344.27
23/03/2015,17773.5
20/03/2015,18008.31
19/03/2015,18325.86
18/03/2015,18014.31
17/03/2015,18015.88
16/03/2015,17749.38
13/03/2015,17547.39
12/3/2015,17682.95
11/3/2015,17435.83
10/3/2015,17508.3
9/3/2015,17823.52
6/3/2015,18389.99
5/3/2015,18586.77
4/3/2015,18700.72
3/3/2015,18599.58
2/3/2015,19097.58
27/02/2015,19238.61
26/02/2015,19311.02
25/02/2015,19382.84
24/02/2015,19005.54
23/02/2015,18970.37
20/02/2015,18866.59
19/02/2015,19025.62
18/02/2015,18837.47
17/02/2015,18509.01
16/02/2015,18559.24
13/02/2015,18618.15
12/2/2015,18690.79
11/2/2015,18815.92
10/2/2015,18791.5
9/2/2015,19009.79
6/2/2015,18947.25
5/2/2015,18486.66
4/2/2015,18861.63
3/2/2015,19266.55
2/2/2015,19124.53
30/01/2015,19836.83
29/01/2015,19802.88
28/01/2015,19899.03
27/01/2015,19476.06
26/01/2015,18983.87
23/01/2015,18773.69
22/01/2015,18432.64
21/01/2015,17975.8
20/01/2015,18057.34
19/01/2015,18067.94
16/01/2015,18099.9
15/01/2015,18158.4
14/01/2015,18164.23
13/01/2015,18275.43
12/1/2015,17950.23
9/1/2015,18346.78
8/1/2015,18478.43
7/1/2015,18079.05
6/1/2015,17772.76
5/1/2015,17580.07
2/1/2015,18212.96
31/12/2014,18185.78
30/12/2014,18165.55
29/12/2014,18243.09
24/12/2014,18029.52
23/12/2014,18002.32
22/12/2014,17802.52
19/12/2014,17849.29
18/12/2014,17616.67
17/12/2014,17066.5
15/12/2014,17061.92
12/12/2014,17217.46
11/12/2014,17556.85
10/12/2014,17838.38
9/12/2014,17942.96
8/12/2014,18133.75
5/12/2014,18067.83
4/12/2014,17981.94
3/12/2014,18058.68
2/12/2014,17802.38
1/12/2014,17638.18
28/11/2014,18102.9
27/11/2014,18026.08
26/11/2014,18014.11
25/11/2014,18058.55
24/11/2014,18310.43
21/11/2014,17964.76
20/11/2014,17798.3
19/11/2014,17846.28
18/11/2014,17599.59
17/11/2014,17578.85
14/11/2014,17652.52
13/11/2014,17710.14
12/11/2014,17522.44
11/11/2014,17431.78
10/11/2014,17077.64
7/11/2014,16829.39
6/11/2014,16898.9
5/11/2014,17041.92
4/11/2014,17468.86
3/11/2014,17261.89
31/10/2014,17488.14
30/10/2014,17157.81
29/10/2014,16768.28
28/10/2014,16351.87
27/10/2014,16155.63
24/10/2014,15908.68
23/10/2014,15870.38
22/10/2014,15985.21
21/10/2014,15903.73
20/10/2014,15754.26
17/10/2014,15566.32
16/10/2014,15391.02
15/10/2014,15709.82
14/10/2014,15747.97
13/10/2014,15676.57
10/10/2014,15539.8
9/10/2014,15695.92
8/10/2014,15593.18
7/10/2014,15714.14
6/10/2014,15706.62
3/10/2014,15481.88
2/10/2014,15403.53
1/10/2014,15498.78
30/09/2014,15426.9
29/09/2014,15517.96
26/09/2014,15500.25
25/09/2014,15554.76
23/09/2014,15600.16
22/09/2014,15899.89
19/09/2014,16274.25
18/09/2014,16464.2
17/09/2014,16348.77
16/09/2014,16231.2
15/09/2014,16180.36
12/9/2014,16391.06
11/9/2014,16503.23
10/9/2014,16527.03
9/9/2014,16856.27
8/9/2014,17296.77
5/9/2014,17580.88
4/9/2014,17538.77
3/9/2014,17107.76
2/9/2014,16841.91
1/9/2014,16772.76
29/08/2014,16684.79
28/08/2014,16922.32
27/08/2014,17059.09
26/08/2014,16944.12
25/08/2014,16771.68
22/08/2014,16720.92
21/08/2014,16706.37
20/08/2014,16528.94
19/08/2014,16828.32
18/08/2014,16812.29
15/08/2014,16734.34
14/08/2014,16780.43
13/08/2014,16940.79
12/8/2014,17048.15
11/8/2014,16890.44
8/8/2014,16585
7/8/2014,16739.16
6/8/2014,16784.89
5/8/2014,17042.1
4/8/2014,16866.27
1/8/2014,16726.75
31/07/2014,16776.39
30/07/2014,16992.68
29/07/2014,17278.61
28/07/2014,17131.98
25/07/2014,16861.01
24/07/2014,16847.72
23/07/2014,16850.07
22/07/2014,16681.81
21/07/2014,16563.88
18/07/2014,16616.49
17/07/2014,16558.92
16/07/2014,16678.54
15/07/2014,16534.65
14/07/2014,16545.44
11/7/2014,16366.21
10/7/2014,16058.18
9/7/2014,16306.94
8/7/2014,16279.45
7/7/2014,16144.44
4/7/2014,15974.95
3/7/2014,16075.46
2/7/2014,16213.85
1/7/2014,16311.75
30/06/2014,16099.3
27/06/2014,15895.57
26/06/2014,16017.7
25/06/2014,15999.39
24/06/2014,16162.29
23/06/2014,16174.82
20/06/2014,16066.91
19/06/2014,15952.27
18/06/2014,15778.58
17/06/2014,16236.84
13/06/2014,16138.97
12/6/2014,16273.38
11/6/2014,16328.65
10/6/2014,16096.77
9/6/2014,15922.54
6/6/2014,15954.65
5/6/2014,15663.79
4/6/2014,15468.55
3/6/2014,15316.82
2/6/2014,15364.53
30/05/2014,15463.69
29/05/2014,15527.34
28/05/2014,15581.54
27/05/2014,15615.31
26/05/2014,15759.69
23/05/2014,15830.4
22/05/2014,15694.97
21/05/2014,15533.17
20/05/2014,15561.07
19/05/2014,15524.49
16/05/2014,15459.61
15/05/2014,15637.27
14/05/2014,15618.85
13/05/2014,15660.31
12/5/2014,15567.47
9/5/2014,15419.71
8/5/2014,15449.55
6/5/2014,15116.28
5/5/2014,15222.06
2/5/2014,15481.64
30/04/2014,15423.72
29/04/2014,15409.1
25/04/2014,15481.67
24/04/2014,15309.83
23/04/2014,15365.08
22/04/2014,15245.82
17/04/2014,15350.3
16/04/2014,15081.7
15/04/2014,15018.96
14/04/2014,15172.05
11/4/2014,15265.75
10/4/2014,15387.24
9/4/2014,15543.16
8/4/2014,15470.11
7/4/2014,15295.6
4/4/2014,15172.39
3/4/2014,15026
2/4/2014,15013.35
1/4/2014,14816.84
31/03/2014,14856.78
28/03/2014,15115.65
27/03/2014,15006.91
26/03/2014,15015.07
25/03/2014,14687.17
24/03/2014,14390.33
20/03/2014,14349.31
19/03/2014,14345.3
18/03/2014,14153.23
17/03/2014,14043.6
14/03/2014,13796.22
13/03/2014,13792.79
12/3/2014,13515.61
11/3/2014,13668.71
10/3/2014,13635.26
7/3/2014,13724.14
6/3/2014,13480.64
5/3/2014,13357.8
4/3/2014,13234.98
3/3/2014,13120.26
28/02/2014,13167.02
27/02/2014,13137.46
26/02/2014,13313.4
25/02/2014,13472.88
24/02/2014,13397.81
21/02/2014,13171.68
20/02/2014,13257.23
19/02/2014,13358.76
18/02/2014,13381.28
17/02/2014,13358.31
14/02/2014,13089.7
13/02/2014,12964.65
12/2/2014,12915.04
11/2/2014,12861.19
10/2/2014,12504.41
7/2/2014,12601.71
6/2/2014,12445.54
5/2/2014,12550.74
4/2/2014,12533.49
3/2/2014,12709
31/01/2014,12751.28
30/01/2014,12449.76
29/01/2014,12886.88
28/01/2014,12996.69
27/01/2014,13107.91
24/01/2014,13233.05
23/01/2014,13367.14
22/01/2014,13199.95
21/01/2014,12965.92
20/01/2014,12901.23
17/01/2014,13008.91
16/01/2014,13287.02
15/01/2014,13189.65
14/01/2014,13004.49
13/01/2014,13163.35
10/1/2014,13190.82
9/1/2014,13134.35
8/1/2014,13199.64
7/1/2014,13228.11
6/1/2014,13059
3/1/2014,13387.54
2/1/2014,13343.47
31/12/2013,13303.95
30/12/2013,13380.88
27/12/2013,13240.38
24/12/2013,13119.08
23/12/2013,13153.42
20/12/2013,13073.05
19/12/2013,12718.17
18/12/2013,12699.08
17/12/2013,12808.71
13/12/2013,12737.3
12/12/2013,12865.12
11/12/2013,12932.2
10/12/2013,13039.98
9/12/2013,13130.44
6/12/2013,13385.26
5/12/2013,13204.58
4/12/2013,13254.66
3/12/2013,13277.05
2/12/2013,13645.77
29/11/2013,13575
28/11/2013,13554.74
27/11/2013,13489.49
26/11/2013,13086.48
25/11/2013,13339.42
22/11/2013,13382.41
21/11/2013,13599.06
20/11/2013,13767.99
19/11/2013,13822.1
18/11/2013,13886.6
15/11/2013,14719.52
14/11/2013,14606.25
13/11/2013,14559.07
12/11/2013,14730.76
11/11/2013,14781.08
8/11/2013,14812.32
7/11/2013,14934.07
6/11/2013,15139.28
5/11/2013,15097.84
4/11/2013,15213.26
1/11/2013,15246.46
31/10/2013,15341.93
30/10/2013,15448.78
29/10/2013,15473.01
28/10/2013,15374.11
25/10/2013,15057.07
24/10/2013,15205.81
23/10/2013,15224.08
22/10/2013,15444.08
21/10/2013,15461.72
18/10/2013,15604.29
17/10/2013,15692.2
16/10/2013,15583.95
15/10/2013,15453.83
14/10/2013,15291
11/10/2013,15200.6
10/10/2013,14777.72
9/10/2013,14479.55
8/10/2013,14808.72
7/10/2013,14731.7
4/10/2013,14726.83
3/10/2013,14786.66
2/10/2013,14632.51
1/10/2013,14739.59
30/09/2013,14731.73
27/09/2013,14782.21
26/09/2013,14882.63
25/09/2013,14806.37
23/09/2013,14609.19
20/09/2013,14517.18
19/09/2013,14516.4
18/09/2013,14205.36
17/09/2013,14319.26
16/09/2013,14305.48
13/09/2013,14194.7
12/9/2013,14296.84
11/9/2013,14034.16
10/9/2013,13928.37
9/9/2013,13836.57
6/9/2013,14241.99
5/9/2013,13995.08
4/9/2013,13937.8
3/9/2013,13789.46
2/9/2013,13740.37
30/08/2013,13632.07
29/08/2013,13568.83
28/08/2013,13547.7
27/08/2013,13752.9
26/08/2013,13830.56
23/08/2013,13709.9
22/08/2013,13740.95
21/08/2013,13828.74
20/08/2013,13836.98
19/08/2013,13884.33
16/08/2013,13983.25
15/08/2013,13934.74
14/08/2013,14030.47
13/08/2013,14084.26
12/8/2013,14008.98
8/8/2013,14040.61
7/8/2013,14011.44
6/8/2013,14076.67
5/8/2013,14143.19
2/8/2013,14078.8
1/8/2013,14167.92
31/07/2013,14105.68
30/07/2013,14394.55
29/07/2013,15100.03
26/07/2013,14768.86
25/07/2013,14862.78
24/07/2013,14928.24
23/07/2013,14644.19
22/07/2013,14051.1
19/07/2013,14081.09
18/07/2013,14287.42
17/07/2013,14206.1
16/07/2013,14069.26
15/07/2013,14328.6
12/7/2013,14410.37
11/7/2013,14111.35
10/7/2013,13796.81
9/7/2013,14127.24
8/7/2013,13863.32
5/7/2013,13906.5
4/7/2013,14139.69
3/7/2013,14273.59
2/7/2013,14609.37
1/7/2013,14686.65
28/06/2013,14657.79
27/06/2013,14348.91
26/06/2013,14393.6
25/06/2013,13864.83
24/06/2013,13591.65
21/06/2013,13786.49
20/06/2013,13995.83
19/06/2013,14166.46
18/06/2013,14310.58
14/06/2013,14047.35
13/06/2013,13943.74
12/6/2013,14017.51
11/6/2013,14012.52
10/6/2013,14218.68
7/6/2013,14243.31
6/6/2013,14165.62
5/6/2013,14208.9
4/6/2013,14471.63
3/6/2013,14454.91
31/05/2013,14699.82
30/05/2013,14817.26
29/05/2013,14559.34
28/05/2013,14736.25
27/05/2013,14673.94
24/05/2013,14672.26
23/05/2013,14790.99
22/05/2013,15024.09
21/05/2013,14843.01
20/05/2013,14698.56
17/05/2013,15300.92
16/05/2013,15263.51
15/05/2013,14931.91
14/05/2013,14968.01
13/05/2013,15105.86
10/5/2013,15069.2
9/5/2013,15142.66
8/5/2013,15058.62
7/5/2013,14964.06
6/5/2013,14887.01
3/5/2013,14742.61
2/5/2013,14818.86
30/04/2013,14625.33
29/04/2013,14472.51
26/04/2013,14508.29
25/04/2013,14709.51
24/04/2013,14480.39
23/04/2013,14693.15
22/04/2013,14860.02
19/04/2013,14849.78
18/04/2013,14845.08
17/04/2013,15084.54
16/04/2013,15167.38
15/04/2013,15005.66
12/4/2013,15449.59
11/4/2013,15685.87
10/4/2013,15489.19
9/4/2013,15144.78
8/4/2013,15138.15
5/4/2013,15035.15
4/4/2013,15205.41
3/4/2013,15456.25
2/4/2013,15636.35
28/03/2013,15431.74
27/03/2013,15902.16
26/03/2013,15934.6
25/03/2013,15477.49
22/03/2013,15413.33
20/03/2013,15814.41
19/03/2013,15876.59
18/03/2013,15900.63
15/03/2013,16052.14
14/03/2013,16324.86
13/03/2013,16375.36
12/3/2013,16400.8
11/3/2013,16542.98
8/3/2013,16563.4
7/3/2013,16455.09
6/3/2013,16509.78
5/3/2013,16338.85
4/3/2013,16225.52
1/3/2013,16265.89
28/02/2013,16165.27
27/02/2013,16155.87
26/02/2013,16262.58
25/02/2013,16357.53
22/02/2013,16160.35
21/02/2013,16247.37
20/02/2013,16370.63
19/02/2013,16397.77
18/02/2013,16413.95
15/02/2013,16620.74
14/02/2013,16649.29
13/02/2013,16674.58
12/2/2013,16509.76
11/2/2013,16488.57
8/2/2013,16679.43
7/2/2013,17077.94
6/2/2013,17106.14
5/2/2013,17074.77
4/2/2013,16937.62
1/2/2013,17051.76
31/01/2013,16920.32
30/01/2013,17126.81
29/01/2013,17123.5
28/01/2013,16758.82
25/01/2013,16760.81
24/01/2013,16677.07
23/01/2013,16564.79
22/01/2013,16438.59
21/01/2013,16270.26
18/01/2013,16264.21
17/01/2013,16422.5
16/01/2013,16443.94
15/01/2013,16474.89
14/01/2013,16796.62
11/1/2013,16700.46
10/1/2013,16578.13
9/1/2013,16726.84
8/1/2013,16518.68
7/1/2013,16478.22
4/1/2013,16534.49
3/1/2013,16625.53
2/1/2013,16613.21
31/12/2012,16404.55
28/12/2012,16414.1
27/12/2012,16433.04
24/12/2012,16425.4
21/12/2012,16380.63
20/12/2012,16529.95
19/12/2012,16287.51
18/12/2012,16156.88
14/12/2012,16134.93
13/12/2012,15970.92
12/12/2012,15908.76
11/12/2012,15886.35
10/12/2012,15449.98
7/12/2012,15269.38
6/12/2012,14766.85
5/12/2012,14156.17
4/12/2012,13992.78
3/12/2012,14027.85
30/11/2012,13938.3
29/11/2012,13886.86
28/11/2012,13917.53
27/11/2012,13879.59
26/11/2012,13877.4
23/11/2012,13971.69
22/11/2012,14068.3
21/11/2012,14211.71
20/11/2012,14173.63
19/11/2012,14291.09
16/11/2012,13942.7
15/11/2012,13817.36
14/11/2012,14038.57
13/11/2012,14131.12
12/11/2012,14348.77
9/11/2012,14408.76
8/11/2012,14611.94
7/11/2012,14481.76
6/11/2012,14443.84
5/11/2012,14373.03
2/11/2012,14063.88
1/11/2012,13991.54
31/10/2012,13946.15
30/10/2012,14018.32
29/10/2012,13935.81
26/10/2012,13973.78
25/10/2012,14025.95
24/10/2012,13984.52
23/10/2012,13915.43
22/10/2012,13973.47
19/10/2012,13878.15
18/10/2012,13856.47
17/10/2012,13891.03
16/10/2012,13931.42
15/10/2012,13646.73
12/10/2012,13679.2
11/10/2012,13652.66
10/10/2012,13410.44
9/10/2012,13820.76
8/10/2012,13765.26
5/10/2012,13910.64
4/10/2012,14095.58
3/10/2012,13913.58
2/10/2012,13936.42
1/10/2012,13856.88
28/09/2012,13779.24
27/09/2012,13777.1
26/09/2012,13823.66
25/09/2012,13748.55
21/09/2012,13591.31
20/09/2012,13550.36
19/09/2012,13681.22
18/09/2012,13517.1
17/09/2012,13316.63
14/09/2012,13455.22
13/09/2012,13550.56
12/9/2012,13736.03
11/9/2012,13649.41
10/9/2012,13705.46
7/9/2012,13851.3
6/9/2012,13864.07
5/9/2012,13843.76
4/9/2012,13923.39
3/9/2012,13945.83
31/08/2012,14197.45
30/08/2012,14108.46
29/08/2012,14185.46
28/08/2012,14405.69
27/08/2012,14348.36
24/08/2012,14336.29
23/08/2012,14122.46
22/08/2012,13986.28
21/08/2012,14171.16
20/08/2012,14180.28
17/08/2012,14196.81
16/08/2012,14083.83
15/08/2012,13957.79
14/08/2012,13903.61
13/08/2012,13774.52
10/8/2012,13646.3
8/8/2012,13608.5
7/8/2012,13709.78
6/8/2012,13934.95
3/8/2012,13967.61
2/8/2012,13708.52
1/8/2012,13571.03
31/07/2012,13485.09
30/07/2012,13810.13
27/07/2012,13709.39
26/07/2012,13604.82
25/07/2012,13659.59
24/07/2012,13649.7
23/07/2012,13587.78
20/07/2012,13818.43
19/07/2012,13944.3
18/07/2012,13855.9
17/07/2012,13799.41
16/07/2012,13794.42
13/07/2012,13705.67
12/7/2012,13672.71
11/7/2012,13750.69
10/7/2012,13783.81
9/7/2012,13718.25
6/7/2012,13554.49
5/7/2012,13514.5
4/7/2012,13617.15
3/7/2012,13673.54
2/7/2012,13846.8
29/06/2012,13800.78
28/06/2012,13885.33
27/06/2012,14205.89
26/06/2012,14526.76
25/06/2012,15735.26
22/06/2012,15731.18
21/06/2012,15608.63
20/06/2012,15562.75
19/06/2012,15502.93
18/06/2012,15491.26
15/06/2012,15307.87
14/06/2012,15212.36
13/06/2012,15017.8
12/6/2012,14933.05
11/6/2012,15232.21
8/6/2012,15345.58
7/6/2012,15412.12
6/6/2012,15153.32
5/6/2012,15104.78
4/6/2012,14938.5
1/6/2012,14979.4
31/05/2012,15056.48
30/05/2012,14883.74
29/05/2012,14892.98
28/05/2012,14981.48
25/05/2012,15010.96
24/05/2012,15034.24
23/05/2012,15145.01
22/05/2012,15267.72
21/05/2012,15061.49
18/05/2012,14990.59
17/05/2012,15283.71
16/05/2012,15214.14
15/05/2012,15296.52
14/05/2012,15489.53
11/5/2012,15688.69
10/5/2012,15510.96
9/5/2012,15540.16
8/5/2012,15741.74
7/5/2012,15881.64
4/5/2012,16258.96
3/5/2012,16117.56
2/5/2012,15950.17
30/04/2012,15784.91
26/04/2012,15485.58
25/04/2012,15561.36
24/04/2012,15655.88
23/04/2012,15819.44
20/04/2012,16031.62
19/04/2012,15967.96
18/04/2012,15845.05
17/04/2012,15688.43
16/04/2012,15641.66
13/04/2012,15779.39
12/4/2012,15761.25
11/4/2012,15623.34
10/4/2012,15662.36
5/4/2012,15389.32
4/4/2012,15631.76
3/4/2012,15701.11
2/4/2012,15486.85
30/03/2012,15565.99
29/03/2012,15497.96
28/03/2012,15714.97
27/03/2012,15750.93
26/03/2012,15450.33
23/03/2012,15644.1
22/03/2012,15574.95
20/03/2012,15740.85
19/03/2012,15817.24
16/03/2012,16093.62
15/03/2012,16088.31
14/03/2012,16032.81
13/03/2012,15887.36
12/3/2012,15852.62
9/3/2012,15809.88
8/3/2012,15687.74
7/3/2012,15581.61
6/3/2012,15539.72
5/3/2012,15812.74
2/3/2012,15888.83
1/3/2012,15902.96
29/02/2012,15961.24
28/02/2012,15763.68
27/02/2012,15703.24
24/02/2012,15705.57
23/02/2012,15275.69
22/02/2012,15098.96
21/02/2012,15112.18
20/02/2012,15148.53
17/02/2012,15101.45
16/02/2012,15036.29
15/02/2012,15227.36
14/02/2012,15090.61
13/02/2012,15103.32
10/2/2012,15040.33
9/2/2012,14875.76
8/2/2012,14775
7/2/2012,14786.25
6/2/2012,14793.12
3/2/2012,14783.16
2/2/2012,14868.41
1/2/2012,14795.83
31/01/2012,14827.52
30/01/2012,14620.79
27/01/2012,14905.58
26/01/2012,14875.94
25/01/2012,14667.96
24/01/2012,14784.39
23/01/2012,15089.15
20/01/2012,15122.59
19/01/2012,14989
18/01/2012,14887.05
17/01/2012,14898.79
16/01/2012,14786.41
13/01/2012,14829.22
12/1/2012,14676.76
11/1/2012,14526.83
10/1/2012,14507.86
9/1/2012,14427.88
6/1/2012,14434.7
5/1/2012,14359.5
4/1/2012,14324.4
3/1/2012,14340.17
30/12/2011,14101.68
29/12/2011,14030.57
28/12/2011,14139.61
23/12/2011,13988.89
22/12/2011,13880.9
21/12/2011,13943.28
20/12/2011,13858.36
19/12/2011,14068.33
15/12/2011,14057.9
14/12/2011,14043.2
13/12/2011,14235.5
12/12/2011,14238.66
9/12/2011,14335.26
8/12/2011,14491.56
7/12/2011,14584.87
6/12/2011,14453.29
5/12/2011,14341.53
2/12/2011,14148.03
1/12/2011,14124.14
30/11/2011,14064.21
29/11/2011,13645.68
28/11/2011,13652.06
25/11/2011,13493.93
24/11/2011,13594.18
23/11/2011,13466.3
22/11/2011,13567.03
21/11/2011,13695.12
18/11/2011,13842.61
17/11/2011,14071.88
16/11/2011,14019.52
15/11/2011,13885.1
14/11/2011,13901.91
11/11/2011,13910.97
10/11/2011,13938.27
9/11/2011,13998.78
8/11/2011,14235.2
7/11/2011,13979.43
4/11/2011,13975.16
3/11/2011,14067.37
2/11/2011,14153.32
1/11/2011,14170.88
31/10/2011,14281.28
28/10/2011,14266.33
27/10/2011,14154.33
26/10/2011,14000.59
25/10/2011,14012.91
24/10/2011,13940.06
21/10/2011,13778.48
20/10/2011,13781.67
19/10/2011,13747.57
18/10/2011,13589.93
17/10/2011,13630.01
14/10/2011,13814.71
13/10/2011,13816.31
12/10/2011,13836.43
11/10/2011,13871.94
10/10/2011,14101.01
7/10/2011,13809.54
6/10/2011,13639.58
5/10/2011,13395.3
4/10/2011,13329.15
3/10/2011,13372.07
30/09/2011,13239.3
29/09/2011,13650.06
28/09/2011,13856.33
27/09/2011,13594.78
26/09/2011,13331.75
23/09/2011,13331.26
22/09/2011,13578.66
21/09/2011,14012.45
20/09/2011,13878.63
19/09/2011,13994.79
16/09/2011,14226.47
15/09/2011,14119.38
14/09/2011,13811.94
13/09/2011,13800.51
12/9/2011,13813.66
9/9/2011,14264.75
8/9/2011,14204.6
7/9/2011,13789.2
6/9/2011,13544.63
5/9/2011,13621.36
2/9/2011,13822.05
1/9/2011,13956.14
31/08/2011,13833.4
30/08/2011,13616.46
29/08/2011,13608.68
26/08/2011,13139.43
25/08/2011,13322.94
24/08/2011,13199.91
23/08/2011,13162.78
22/08/2011,13114.22
19/08/2011,13235.62
18/08/2011,13302.62
17/08/2011,13403.7
16/08/2011,13361.81
15/08/2011,13423.15
12/8/2011,13343.82
11/8/2011,12854.23
10/8/2011,12662.39
8/8/2011,12604.94
5/8/2011,12806.89
4/8/2011,13339.48
3/8/2011,13420.55
2/8/2011,13480.34
1/8/2011,13263.44
29/07/2011,13178.73
28/07/2011,13113.12
27/07/2011,13191.21
26/07/2011,13264.43
25/07/2011,13207.8
22/07/2011,13312.53
21/07/2011,13270.87
20/07/2011,13299.39
19/07/2011,13344.93
18/07/2011,13385.48
15/07/2011,13556.94
14/07/2011,13583.83
13/07/2011,13527.23
12/7/2011,13454.51
11/7/2011,13552
8/7/2011,13599.93
7/7/2011,13693.39
6/7/2011,13717.43
5/7/2011,13777.01
4/7/2011,13671.19
1/7/2011,13634.31
30/06/2011,13547.59
29/06/2011,13496.37
28/06/2011,13306.43
27/06/2011,13107.27
24/06/2011,13101.67
23/06/2011,13121.53
22/06/2011,13308.5
21/06/2011,13381.74
20/06/2011,13283.94
15/06/2011,13516.53
14/06/2011,13615.99
13/06/2011,13474.24
10/6/2011,13516.09
9/6/2011,13570.57
8/6/2011,13422.53
7/6/2011,13477.58
6/6/2011,13399.23
3/6/2011,13449.28
2/6/2011,13600.17
1/6/2011,13652.58
31/05/2011,13731.3
30/05/2011,13664.98
27/05/2011,13680.5
26/05/2011,13618.46
25/05/2011,13374.8
24/05/2011,13339.44
23/05/2011,13165.98
20/05/2011,13645.02
19/05/2011,13618.08
17/05/2011,13614.6
16/05/2011,13380.55
13/05/2011,13458.88
12/5/2011,13335.96
11/5/2011,13590.25
10/5/2011,13536.21
9/5/2011,13401.88
6/5/2011,13305.13
5/5/2011,13286.79
4/5/2011,13488.17
3/5/2011,13603.5
29/04/2011,13540.61
28/04/2011,13537.26
26/04/2011,13783.07
21/04/2011,13764.4
20/04/2011,13539.07
19/04/2011,13242.72
18/04/2011,13351.48
15/04/2011,13440.94
14/04/2011,13530.17
13/04/2011,13680.73
12/4/2011,13584.98
11/4/2011,13664.72
8/4/2011,13801.85
7/4/2011,13917.55
6/4/2011,13861.15
5/4/2011,13773.7
4/4/2011,13825.39
1/4/2011,13681.31
31/03/2011,13670.37
30/03/2011,13687.51
29/03/2011,13309.41
28/03/2011,13122.21
25/03/2011,13086.18
24/03/2011,13047.72
23/03/2011,13138.54
22/03/2011,12954.16
18/03/2011,12670.96
17/03/2011,12556.15
16/03/2011,12501.65
15/03/2011,12551.34
14/03/2011,12859.82
11/3/2011,12728.3
10/3/2011,12711.12
9/3/2011,12727.41
8/3/2011,12640.62
7/3/2011,12619.46
4/3/2011,12858.75
3/3/2011,12841.36
2/3/2011,12863.78
1/3/2011,12936.14
28/02/2011,12888.89
25/02/2011,12687.18
24/02/2011,12640.65
23/02/2011,12923.57
22/02/2011,13060.26
21/02/2011,13128.38
18/02/2011,13093.29
17/02/2011,13138.58
16/02/2011,13065.66
15/02/2011,13112.95
14/02/2011,13131.35
11/2/2011,13085.35
10/2/2011,12916.06
9/2/2011,13016.11
8/2/2011,13072.05
7/2/2011,13232.32
4/2/2011,13366.66
3/2/2011,13414.54
2/2/2011,13420.6
1/2/2011,13447.89
31/01/2011,13362.15
28/01/2011,13503.82
27/01/2011,13752.13
26/01/2011,13688.36
25/01/2011,13541.27
24/01/2011,13623.46
21/01/2011,13773.14
20/01/2011,13715.67
19/01/2011,13962.41
18/01/2011,13968.76
17/01/2011,13984.46
14/01/2011,14147.27
13/01/2011,14133.32
12/1/2011,14113.36
11/1/2011,14012.45
10/1/2011,13974.89
7/1/2011,13958.61
6/1/2011,14056.32
5/1/2011,14064.47
4/1/2011,14033.04
3/1/2011,14015.1
31/12/2010,13957.21
30/12/2010,13808.67
29/12/2010,13812.37
28/12/2010,13706.72
24/12/2010,13665.5
23/12/2010,13619.17
22/12/2010,13627.77
21/12/2010,13488.9
20/12/2010,13497.21
17/12/2010,13399.48
15/12/2010,13468.38
14/12/2010,13247.13
13/12/2010,13229.55
10/12/2010,13391.92
9/12/2010,13509.37
8/12/2010,13401.26
7/12/2010,13379.9
6/12/2010,13259.88
3/12/2010,13209.36
2/12/2010,13277.75
1/12/2010,13193.63
30/11/2010,13089.8
29/11/2010,13444
26/11/2010,13374.27
25/11/2010,13405.93
24/11/2010,13263.93
23/11/2010,13330.5
22/11/2010,13388.87
19/11/2010,13478.19
18/11/2010,13685.98
17/11/2010,13469.89
16/11/2010,13392.81
15/11/2010,13615.7
12/11/2010,13665.06
11/11/2010,13649.93
10/11/2010,13793.25
9/11/2010,13822.76
8/11/2010,13700.45
5/11/2010,13647.06
4/11/2010,13699.75
3/11/2010,13618.06
2/11/2010,13627.94
1/11/2010,13636.67
29/10/2010,13464.62
28/10/2010,13381.8
27/10/2010,13410.86
26/10/2010,13377.56
25/10/2010,13471.18
22/10/2010,13488.8
21/10/2010,13671.73
20/10/2010,13526.86
19/10/2010,13545.5
18/10/2010,13531.22
15/10/2010,13531.42
14/10/2010,13587.83
13/10/2010,13526.29
12/10/2010,13271.46
11/10/2010,13183.63
8/10/2010,13147.3
7/10/2010,13410.12
6/10/2010,13547.57
5/10/2010,13315.45
4/10/2010,13246.42
1/10/2010,13302.13
30/09/2010,13387.81
29/09/2010,13474.26
28/09/2010,13458.71
27/09/2010,13460.51
23/09/2010,13094.41
22/09/2010,13123.16
21/09/2010,13052.13
20/09/2010,12882.16
17/09/2010,12892.29
16/09/2010,12872.54
15/09/2010,12891.71
14/09/2010,12901.83
13/09/2010,13007.03
10/9/2010,12754.99
9/9/2010,12704.94
8/9/2010,12477.12
7/9/2010,12577.06
6/9/2010,12761.31
3/9/2010,12721.33
2/9/2010,12716.57
1/9/2010,12660.16
31/08/2010,12376.95
30/08/2010,12432.55
27/08/2010,12217.74
26/08/2010,12200.22
25/08/2010,12177.19
24/08/2010,12381.9
23/08/2010,12369.55
20/08/2010,12509.05
19/08/2010,12574.74
18/08/2010,12412.66
17/08/2010,12595.49
16/08/2010,12527.97
13/08/2010,12542.13
12/8/2010,12476.47
11/8/2010,12617.84
10/8/2010,12978.13
6/8/2010,13258.28
5/8/2010,13413.81
4/8/2010,13394.52
3/8/2010,13505.05
2/8/2010,13692.61
30/07/2010,13508.44
29/07/2010,13885.88
28/07/2010,13777.15
27/07/2010,13970.32
26/07/2010,13984.92
23/07/2010,13852.49
22/07/2010,13754.61
21/07/2010,13596.87
20/07/2010,13312.67
19/07/2010,13517.1
16/07/2010,13639.37
15/07/2010,13588.03
14/07/2010,13475.84
13/07/2010,13144.48
12/7/2010,12994.06
9/7/2010,13027.22
8/7/2010,12926.68
7/7/2010,12714
6/7/2010,12497.42
5/7/2010,12205.91
2/7/2010,12114.53
1/7/2010,12184.38
30/06/2010,12248.74
29/06/2010,12387.17
28/06/2010,12484.68
25/06/2010,12616.21
24/06/2010,12724.72
23/06/2010,12741.02
22/06/2010,12745.17
21/06/2010,12663.66
18/06/2010,12503.74
17/06/2010,12786.51
15/06/2010,12592.8
14/06/2010,12521.3
11/6/2010,12377.21
10/6/2010,12445.71
9/6/2010,12513.15
8/6/2010,12242.46
7/6/2010,12340.85
4/6/2010,12658.68
3/6/2010,12898.22
2/6/2010,12853.49
1/6/2010,12665.2
31/05/2010,12833.21
28/05/2010,12983.09
27/05/2010,12976.67
26/05/2010,12824.62
25/05/2010,12622.85
24/05/2010,12991.16
21/05/2010,12675.95
20/05/2010,13043.03
19/05/2010,13269.68
18/05/2010,13322.5
17/05/2010,13182.58
14/05/2010,13506.83
13/05/2010,13828.36
12/5/2010,13663.35
11/5/2010,13503.57
10/5/2010,13406.87
7/5/2010,12948
6/5/2010,13486.18
5/5/2010,13423.79
4/5/2010,13986.42
3/5/2010,14108.18
30/04/2010,13964.24
29/04/2010,13870.49
28/04/2010,13872.34
26/04/2010,14108.31
23/04/2010,13823.5
22/04/2010,13846.37
21/04/2010,13982.87
20/04/2010,13942.81
19/04/2010,13748.67
16/04/2010,14039.37
15/04/2010,14082.54
14/04/2010,14041.87
13/04/2010,13971.65
12/4/2010,14013.26
9/4/2010,13954.15
8/4/2010,13910.41
7/4/2010,14162.89
6/4/2010,14301.48
1/4/2010,14181.77
31/03/2010,14193.57
30/03/2010,14145.68
29/03/2010,14036.95
26/03/2010,14084.89
25/03/2010,14189.33
24/03/2010,14050.2
23/03/2010,14122.77
19/03/2010,14212.08
18/03/2010,14262.18
17/03/2010,14183.55
16/03/2010,13816.78
15/03/2010,13801.91
12/3/2010,13837.62
11/3/2010,13777.5
10/3/2010,13720.93
9/3/2010,13545.13
8/3/2010,13827.81
5/3/2010,13880.76
4/3/2010,13781.12
3/3/2010,13709.15
2/3/2010,13595.31
1/3/2010,13358.68
26/02/2010,13193.55
25/02/2010,13253.15
24/02/2010,13179.38
23/02/2010,13347.97
22/02/2010,13414.37
19/02/2010,13395.94
18/02/2010,13411.01
17/02/2010,13377.1
16/02/2010,13293.55
15/02/2010,13095.6
12/2/2010,13172.35
11/2/2010,13338.18
10/2/2010,13392.86
9/2/2010,13184.64
8/2/2010,13040.67
5/2/2010,13115.21
4/2/2010,13436.57
3/2/2010,13466.79
2/2/2010,13431.08
1/2/2010,13357.95
29/01/2010,13351.71
28/01/2010,13332.41
27/01/2010,13099.47
26/01/2010,13059.49
25/01/2010,13242.32
22/01/2010,13180.88
21/01/2010,13249.7
20/01/2010,13270.48
19/01/2010,13061.04
18/01/2010,13016.03
15/01/2010,12970.05
14/01/2010,13075.51
13/01/2010,12859.8
12/1/2010,12779.78
11/1/2010,12799.25
8/1/2010,12857.64
7/1/2010,12835.36
6/1/2010,12947.62
5/1/2010,12925.23
4/1/2010,12826.44
31/12/2009,12839.15
